/*
Navicat MySQL Data Transfer

Source Server         : localhost
Source Server Version : 50540
Source Host           : localhost:3306
Source Database       : annual

Target Server Type    : MYSQL
Target Server Version : 50540
File Encoding         : 65001

Date: 2018-02-08 00:49:17
*/

SET FOREIGN_KEY_CHECKS=0;

-- ----------------------------
-- Table structure for dept_winning_rate
-- ----------------------------
DROP TABLE IF EXISTS `dept_winning_rate`;
CREATE TABLE `dept_winning_rate` (
  `id` int(11) NOT NULL AUTO_INCREMENT,
  `dept` varchar(50) COLLATE utf8_bin NOT NULL DEFAULT '0' COMMENT '部门名称',
  `rate` smallint(5) unsigned NOT NULL DEFAULT '0' COMMENT '获奖概率',
  `prizeCode` tinyint(3) unsigned NOT NULL DEFAULT '0' COMMENT '获奖级别',
  PRIMARY KEY (`id`)
) ENGINE=InnoDB AUTO_INCREMENT=21 DEFAULT CHARSET=utf8 COLLATE=utf8_bin;

-- ----------------------------
-- Records of dept_winning_rate
-- ----------------------------
INSERT INTO `dept_winning_rate` VALUES ('1', '1', '2500', '3');
INSERT INTO `dept_winning_rate` VALUES ('2', '2', '2500', '3');
INSERT INTO `dept_winning_rate` VALUES ('3', '3', '2500', '3');
INSERT INTO `dept_winning_rate` VALUES ('4', '4', '2500', '3');
INSERT INTO `dept_winning_rate` VALUES ('5', '1', '2500', '2');
INSERT INTO `dept_winning_rate` VALUES ('6', '2', '2500', '2');
INSERT INTO `dept_winning_rate` VALUES ('7', '3', '2500', '2');
INSERT INTO `dept_winning_rate` VALUES ('8', '4', '2500', '2');
INSERT INTO `dept_winning_rate` VALUES ('9', '1', '2500', '1');
INSERT INTO `dept_winning_rate` VALUES ('10', '2', '2500', '1');
INSERT INTO `dept_winning_rate` VALUES ('11', '3', '2500', '1');
INSERT INTO `dept_winning_rate` VALUES ('12', '4', '2500', '1');
INSERT INTO `dept_winning_rate` VALUES ('13', '1', '2500', '4');
INSERT INTO `dept_winning_rate` VALUES ('14', '2', '2500', '4');
INSERT INTO `dept_winning_rate` VALUES ('15', '3', '2500', '4');
INSERT INTO `dept_winning_rate` VALUES ('16', '4', '2500', '4');
INSERT INTO `dept_winning_rate` VALUES ('17', '1', '2500', '5');
INSERT INTO `dept_winning_rate` VALUES ('18', '2', '2500', '5');
INSERT INTO `dept_winning_rate` VALUES ('19', '3', '2500', '5');
INSERT INTO `dept_winning_rate` VALUES ('20', '4', '2500', '5');

-- ----------------------------
-- Table structure for prize
-- ----------------------------
DROP TABLE IF EXISTS `prize`;
CREATE TABLE `prize` (
  `id` int(11) NOT NULL AUTO_INCREMENT,
  `name` varchar(50) COLLATE utf8_bin NOT NULL COMMENT '奖品等级',
  `desc` varchar(50) COLLATE utf8_bin NOT NULL COMMENT '奖品描述',
  `count` smallint(5) unsigned NOT NULL COMMENT '奖品数量',
  `code` tinyint(3) unsigned NOT NULL COMMENT '奖品代号',
  PRIMARY KEY (`id`)
) ENGINE=InnoDB AUTO_INCREMENT=7 DEFAULT CHARSET=utf8 COLLATE=utf8_bin COMMENT='奖品设置';

-- ----------------------------
-- Records of prize
-- ----------------------------
INSERT INTO `prize` VALUES ('1', '一等奖', 'MateBookX一台', '3', '3');
INSERT INTO `prize` VALUES ('2', '二等奖', 'P8手机一部', '10', '4');
INSERT INTO `prize` VALUES ('3', '三等奖', '荣耀手环一条', '20', '5');
INSERT INTO `prize` VALUES ('4', '爱心奖', '爱心奖', '10', '2');
INSERT INTO `prize` VALUES ('5', '幸运奖', '幸运奖', '1', '6');
INSERT INTO `prize` VALUES ('6', '特等奖', '特等奖', '1', '1');

-- ----------------------------
-- Table structure for sys_account
-- ----------------------------
DROP TABLE IF EXISTS `sys_account`;
CREATE TABLE `sys_account` (
  `id` int(11) NOT NULL AUTO_INCREMENT,
  `username` varchar(50) COLLATE utf8_bin NOT NULL COMMENT '工号',
  `password` varchar(50) COLLATE utf8_bin NOT NULL COMMENT '密码',
  `realname` varchar(50) COLLATE utf8_bin NOT NULL COMMENT '真实姓名',
  `phoneNo` varchar(50) COLLATE utf8_bin DEFAULT NULL COMMENT '电话号码',
  `dept` varchar(50) COLLATE utf8_bin DEFAULT NULL COMMENT '部门',
  `district` varchar(50) CHARACTER SET utf8 DEFAULT '' COMMENT '地域',
  `level` tinyint(3) unsigned DEFAULT '0',
  `lastLoginTime` datetime DEFAULT NULL COMMENT '最后一次登录时间',
  `lastHeartbeat` datetime DEFAULT NULL COMMENT '最后一次心跳时间',
  `onLineTime` int(10) unsigned DEFAULT NULL COMMENT '累计在线时长',
  `loginState` tinyint(3) unsigned DEFAULT '0' COMMENT '是否登录(0:未登录;1:登录)',
  `openid` varchar(50) COLLATE utf8_bin DEFAULT NULL COMMENT '微信用户唯一标识',
  `fu1` int(11) DEFAULT NULL COMMENT '燃 个数',
  `fu2` int(11) DEFAULT NULL COMMENT '情 个数',
  `fu3` int(11) DEFAULT NULL COMMENT '小 个数',
  `fu4` int(11) DEFAULT NULL COMMENT '站 个数',
  `fu5` int(11) DEFAULT NULL COMMENT '合成 个数',
  `gotFu` int(11) DEFAULT '0' COMMENT '是否领取福奖',
  `remainRandomCount` int(11) DEFAULT NULL COMMENT '剩余抽奖次数',
  `nextRandomTime` datetime DEFAULT NULL COMMENT '下次抽奖时间',
  PRIMARY KEY (`id`),
  UNIQUE KEY `username` (`username`)
) ENGINE=InnoDB AUTO_INCREMENT=1694 DEFAULT CHARSET=utf8 COLLATE=utf8_bin COMMENT='账户信息表';

-- ----------------------------
-- Records of sys_account
-- ----------------------------
INSERT INTO `sys_account` VALUES ('1', 'admin', '123', 'admin', '', '', '', '0', '2018-02-06 09:42:25', '2018-02-06 15:16:20', '0', '0', '', '0', '0', '0', '0', '0', '0', '9', '2018-02-07 16:30:00');
INSERT INTO `sys_account` VALUES ('261', '00381404', '00381404', '代传龙', '829322851', '3', '海外', '0', null, null, '0', '0', '', '0', '0', '0', '0', '0', '0', '9', '2018-02-07 16:30:00');
INSERT INTO `sys_account` VALUES ('262', '00418897', '00418897', '王淳', '7948017659', '2', '海外', '0', null, null, '0', '0', '', '0', '0', '0', '0', '0', '0', '9', '2018-02-07 16:30:00');
INSERT INTO `sys_account` VALUES ('263', '00363998', '00363998', '李文龙', '13684029485', '1', '海外', '0', null, null, '0', '0', '', '0', '0', '0', '0', '0', '0', '9', '2018-02-07 16:30:00');
INSERT INTO `sys_account` VALUES ('264', '00341462', '00341462', '张君', '13980728465', '4', '海外', '0', null, null, '0', '0', '', '0', '0', '0', '0', '0', '0', '9', '2018-02-07 16:30:00');
INSERT INTO `sys_account` VALUES ('265', '00201242', '00201242', '孙璐苹', '13908171981', '3', '海外', '0', null, null, '0', '0', '', '0', '0', '0', '0', '0', '0', '9', '2018-02-07 16:30:00');
INSERT INTO `sys_account` VALUES ('266', '00178205', '00178205', '陈超', '583956160', '4', '海外', '0', null, null, '0', '0', '', '0', '0', '0', '0', '0', '0', '9', '2018-02-07 16:30:00');
INSERT INTO `sys_account` VALUES ('267', '00329807', '00329807', '许慧', '15108298653', '3', '成都', '0', null, null, '0', '0', '', '0', '0', '0', '0', '0', '0', '9', '2018-02-07 16:30:00');
INSERT INTO `sys_account` VALUES ('268', '00266479', '00266479', '代辉', '18180810991', '3', '成都', '0', null, null, '0', '0', '', '0', '0', '0', '0', '0', '0', '9', '2018-02-07 16:30:00');
INSERT INTO `sys_account` VALUES ('269', '00404923', '00404923', '牟和平', '13541073052', '1', '成都', '0', null, null, '0', '0', '', '0', '0', '0', '0', '0', '0', '9', '2018-02-07 16:30:00');
INSERT INTO `sys_account` VALUES ('270', '00351317', '00351317', '刘婷', '13699441640', '3', '成都', '0', null, null, '0', '0', '', '0', '0', '0', '0', '0', '0', '9', '2018-02-07 16:30:00');
INSERT INTO `sys_account` VALUES ('271', '00387002', '00387002', '潘峰', '15608200308', '4', '成都', '0', null, null, '0', '0', '', '0', '0', '0', '0', '0', '0', '9', '2018-02-07 16:30:00');
INSERT INTO `sys_account` VALUES ('272', '00369346', '00369346', '安勇', '18982024433', '3', '成都', '0', null, null, '0', '0', '', '0', '0', '0', '0', '0', '0', '9', '2018-02-07 16:30:00');
INSERT INTO `sys_account` VALUES ('273', '00207442', '00207442', '罗雁冰', '18180429101', '4', '成都', '0', null, null, '0', '0', '', '0', '0', '0', '0', '0', '0', '9', '2018-02-07 16:30:00');
INSERT INTO `sys_account` VALUES ('274', '00333052', '00333052', '秦钰昆', '13551168566', '4', '成都', '0', null, null, '0', '0', '', '0', '0', '0', '0', '0', '0', '9', '2018-02-07 16:30:00');
INSERT INTO `sys_account` VALUES ('275', '00425506', '00425506', '陈书书', '18782977341', '4', '成都', '0', null, null, '0', '0', '', '0', '0', '0', '0', '0', '0', '9', '2018-02-07 16:30:00');
INSERT INTO `sys_account` VALUES ('276', '00425745', '00425745', '姚家雄', '17621627896', '2', '上海', '0', null, null, '0', '0', '', '0', '0', '0', '0', '0', '0', '9', '2018-02-07 16:30:00');
INSERT INTO `sys_account` VALUES ('277', '00425295', '00425295', '张婷婷', '18782976489', '3', '成都', '0', null, null, '0', '0', '', '0', '0', '0', '0', '0', '0', '9', '2018-02-07 16:30:00');
INSERT INTO `sys_account` VALUES ('278', '00423913', '00423913', '王辉', '18717887681', '2', '上海', '0', null, null, '0', '0', '', '0', '0', '0', '0', '0', '0', '9', '2018-02-07 16:30:00');
INSERT INTO `sys_account` VALUES ('279', '00424038', '00424038', '高超', '18328005388', '4', '成都', '0', null, null, '0', '0', '', '0', '0', '0', '0', '0', '0', '9', '2018-02-07 16:30:00');
INSERT INTO `sys_account` VALUES ('280', '00424028', '00424028', '张奎', '18280389672', '4', '成都', '0', null, null, '0', '0', '', '0', '0', '0', '0', '0', '0', '9', '2018-02-07 16:30:00');
INSERT INTO `sys_account` VALUES ('281', '00422865', '00422865', '吴曦', '18280389672', '2', '上海', '0', null, null, '0', '0', '', '0', '0', '0', '0', '0', '0', '9', '2018-02-07 16:30:00');
INSERT INTO `sys_account` VALUES ('282', '00339936', '00339936', '覃燕敏', '13761336989', '1', '上海', '0', null, null, '0', '0', '', '0', '0', '0', '0', '0', '0', '9', '2018-02-07 16:30:00');
INSERT INTO `sys_account` VALUES ('283', '00364219', '00364219', '闻勋颖', '18621711310', '2', '上海', '0', null, null, '0', '0', '', '0', '0', '0', '0', '0', '0', '9', '2018-02-07 16:30:00');
INSERT INTO `sys_account` VALUES ('284', '00358511', '00358511', '蔡文洲', '13816828957', '2', '上海', '0', null, null, '0', '0', '', '0', '0', '0', '0', '0', '0', '9', '2018-02-07 16:30:00');
INSERT INTO `sys_account` VALUES ('285', '00337063', '00337063', '孙晓光', '13764823301', '2', '上海', '0', null, null, '0', '0', '', '0', '0', '0', '0', '0', '0', '9', '2018-02-07 16:30:00');
INSERT INTO `sys_account` VALUES ('286', '00421707', '00421707', '余婷', '13541128974', '3', '成都', '0', null, null, '0', '0', '', '0', '0', '0', '0', '0', '0', '9', '2018-02-07 16:30:00');
INSERT INTO `sys_account` VALUES ('287', '00421173', '00421173', '杜光宇', '15982365005', '4', '出差', '0', null, null, '0', '0', '', '0', '0', '0', '0', '0', '0', '9', '2018-02-07 16:30:00');
INSERT INTO `sys_account` VALUES ('288', '00292181', '00292181', '石子娟', '17740807675', '2', '上海', '0', null, null, '0', '0', '', '0', '0', '0', '0', '0', '0', '9', '2018-02-07 16:30:00');
INSERT INTO `sys_account` VALUES ('289', '00284381', '00284381', '孙科健', '18980897090', '2', '成都', '0', null, null, '0', '0', '', '0', '0', '0', '0', '0', '0', '9', '2018-02-07 16:30:00');
INSERT INTO `sys_account` VALUES ('290', '00398230', '00398230', '王敏', '18502887453', '1', '成都', '0', null, null, '0', '0', '', '0', '0', '0', '0', '0', '0', '9', '2018-02-07 16:30:00');
INSERT INTO `sys_account` VALUES ('291', '00417222', '00417222', '鲁江波', '13730669089', '4', '成都', '0', null, null, '0', '0', '', '0', '0', '0', '0', '0', '0', '9', '2018-02-07 16:30:00');
INSERT INTO `sys_account` VALUES ('292', '00402479', '00402479', '彭劲东', '13882096415', '2', '成都', '0', null, null, '0', '0', '', '0', '0', '0', '0', '0', '0', '9', '2018-02-07 16:30:00');
INSERT INTO `sys_account` VALUES ('293', '00401713', '00401713', '肖克祥', '13699441767', '4', '成都', '0', null, null, '0', '0', '', '0', '0', '0', '0', '0', '0', '9', '2018-02-07 16:30:00');
INSERT INTO `sys_account` VALUES ('294', '00398122', '00398122', '赵兴宇', '18086833078', '3', '成都', '0', null, null, '0', '0', '', '0', '0', '0', '0', '0', '0', '9', '2018-02-07 16:30:00');
INSERT INTO `sys_account` VALUES ('295', '00397253', '00397253', '孙靖', '18602868547', '4', '成都', '0', null, null, '0', '0', '', '0', '0', '0', '0', '0', '0', '9', '2018-02-07 16:30:00');
INSERT INTO `sys_account` VALUES ('296', '00425434', '00425434', '马天辉', '13611840473', '2', '上海', '0', null, null, '0', '0', '', '0', '0', '0', '0', '0', '0', '9', '2018-02-07 16:30:00');
INSERT INTO `sys_account` VALUES ('297', '00390424', '00390424', '盛昊', '15601868586', '2', '上海', '0', null, null, '0', '0', '', '0', '0', '0', '0', '0', '0', '9', '2018-02-07 16:30:00');
INSERT INTO `sys_account` VALUES ('298', '00388082', '00388082', '胡挺', '17396260712', '4', '成都', '0', null, null, '0', '0', '', '0', '0', '0', '0', '0', '0', '9', '2018-02-07 16:30:00');
INSERT INTO `sys_account` VALUES ('299', '00388010', '00388010', '刘清彬', '18602830715', '4', '成都', '0', null, null, '0', '0', '', '0', '0', '0', '0', '0', '0', '9', '2018-02-07 16:30:00');
INSERT INTO `sys_account` VALUES ('300', '00387766', '00387766', '孙超', '15184430135', '3', '成都', '0', null, null, '0', '0', '', '0', '0', '0', '0', '0', '0', '9', '2018-02-07 16:30:00');
INSERT INTO `sys_account` VALUES ('301', '00423908', '00423908', '王宁', '17621745699', '2', '上海', '0', null, null, '0', '0', '', '0', '0', '0', '0', '0', '0', '9', '2018-02-07 16:30:00');
INSERT INTO `sys_account` VALUES ('302', '00387077', '00387077', '黄海', '18980406675', '3', '成都', '0', null, null, '0', '0', '', '0', '0', '0', '0', '0', '0', '9', '2018-02-07 16:30:00');
INSERT INTO `sys_account` VALUES ('303', '00422680', '00422680', '王飞', '13438375385', '2', '上海', '0', null, null, '0', '0', '', '0', '0', '0', '0', '0', '0', '9', '2018-02-07 16:30:00');
INSERT INTO `sys_account` VALUES ('304', '00386694', '00386694', '贺峻', '18602815210', '1', '成都', '0', null, null, '0', '0', '', '0', '0', '0', '0', '0', '0', '9', '2018-02-07 16:30:00');
INSERT INTO `sys_account` VALUES ('305', '00386609', '00386609', '彭万彬', '15198251278', '4', '成都', '0', null, null, '0', '0', '', '0', '0', '0', '0', '0', '0', '9', '2018-02-07 16:30:00');
INSERT INTO `sys_account` VALUES ('306', '00386394', '00386394', '邴立东', '15882242424', '4', '成都', '0', null, null, '0', '0', '', '0', '0', '0', '0', '0', '0', '9', '2018-02-07 16:30:00');
INSERT INTO `sys_account` VALUES ('307', '00384073', '00384073', '徐茂涛', '18980487436', '4', '成都', '0', null, null, '0', '0', '', '0', '0', '0', '0', '0', '0', '9', '2018-02-07 16:30:00');
INSERT INTO `sys_account` VALUES ('308', '00382699', '00382699', '曾年', '18628173679', '4', '成都', '0', null, null, '0', '0', '', '0', '0', '0', '0', '0', '0', '9', '2018-02-07 16:30:00');
INSERT INTO `sys_account` VALUES ('309', '00382679', '00382679', '施钻专', '13764816418', '2', '上海', '0', null, null, '0', '0', '', '0', '0', '0', '0', '0', '0', '9', '2018-02-07 16:30:00');
INSERT INTO `sys_account` VALUES ('310', '00382642', '00382642', '郑文三', '13320983304', '4', '成都', '0', null, null, '0', '0', '', '0', '0', '0', '0', '0', '0', '9', '2018-02-07 16:30:00');
INSERT INTO `sys_account` VALUES ('311', '00382602', '00382602', '武俊青', '18080120576', '4', '成都', '0', null, null, '0', '0', '', '0', '0', '0', '0', '0', '0', '9', '2018-02-07 16:30:00');
INSERT INTO `sys_account` VALUES ('312', '00381259', '00381259', '李堂艳', '15813744343', '3', '成都', '0', null, null, '0', '0', '', '0', '0', '0', '0', '0', '0', '9', '2018-02-07 16:30:00');
INSERT INTO `sys_account` VALUES ('313', '00381151', '00381151', '母海兵', '18981733497', '3', '成都', '0', null, null, '0', '0', '', '0', '0', '0', '0', '0', '0', '9', '2018-02-07 16:30:00');
INSERT INTO `sys_account` VALUES ('314', '00274969', '00274969', '汤志平', '18602157533', '2', '上海', '0', null, null, '0', '0', '', '0', '0', '0', '0', '0', '0', '9', '2018-02-07 16:30:00');
INSERT INTO `sys_account` VALUES ('315', '00349848', '00349848', '顾闻', '18017637828', '2', '上海', '0', null, null, '0', '0', '', '0', '0', '0', '0', '0', '0', '9', '2018-02-07 16:30:00');
INSERT INTO `sys_account` VALUES ('316', '00380580', '00380580', '丁鑫鑫', '18030689291', '4', '成都', '0', null, null, '0', '0', '', '0', '0', '0', '0', '0', '0', '9', '2018-02-07 16:30:00');
INSERT INTO `sys_account` VALUES ('317', '00380198', '00380198', '周越', '18215615708', '4', '成都', '0', null, null, '0', '0', '', '0', '0', '0', '0', '0', '0', '9', '2018-02-07 16:30:00');
INSERT INTO `sys_account` VALUES ('318', '00379982', '00379982', '王豪', '18382205937', '4', '成都', '0', null, null, '0', '0', '', '0', '0', '0', '0', '0', '0', '9', '2018-02-07 16:30:00');
INSERT INTO `sys_account` VALUES ('319', '00379848', '00379848', '吴瑶', '18190883971', '4', '成都', '0', null, null, '0', '0', '', '0', '0', '0', '0', '0', '0', '9', '2018-02-07 16:30:00');
INSERT INTO `sys_account` VALUES ('320', '00379832', '00379832', '夏天立', '17380122091', '4', '成都', '0', null, null, '0', '0', '', '0', '0', '0', '0', '0', '0', '9', '2018-02-07 16:30:00');
INSERT INTO `sys_account` VALUES ('321', '00378904', '00378904', '张青婷', '13540866891', '2', '成都', '0', null, null, '0', '0', '', '0', '0', '0', '0', '0', '0', '9', '2018-02-07 16:30:00');
INSERT INTO `sys_account` VALUES ('322', '00378823', '00378823', '徐加文', '18328510556', '4', '成都', '0', null, null, '0', '0', '', '0', '0', '0', '0', '0', '0', '9', '2018-02-07 16:30:00');
INSERT INTO `sys_account` VALUES ('323', '00377853', '00377853', '李潇', '18081061206', '3', '成都', '0', null, null, '0', '0', '', '0', '0', '0', '0', '0', '0', '9', '2018-02-07 16:30:00');
INSERT INTO `sys_account` VALUES ('324', '00377823', '00377823', '周子博', '15802898552', '4', '成都', '0', null, null, '0', '0', '', '0', '0', '0', '0', '0', '0', '9', '2018-02-07 16:30:00');
INSERT INTO `sys_account` VALUES ('325', '00377819', '00377819', '杨青山', '18215624577', '3', '成都', '0', null, null, '0', '0', '', '0', '0', '0', '0', '0', '0', '9', '2018-02-07 16:30:00');
INSERT INTO `sys_account` VALUES ('326', '00377766', '00377766', '罗骥', '15680888963', '4', '成都', '0', null, null, '0', '0', '', '0', '0', '0', '0', '0', '0', '9', '2018-02-07 16:30:00');
INSERT INTO `sys_account` VALUES ('327', '00376773', '00376773', '舒云', '13666127783', '1', '成都', '0', null, null, '0', '0', '', '0', '0', '0', '0', '0', '0', '9', '2018-02-07 16:30:00');
INSERT INTO `sys_account` VALUES ('328', '00376715', '00376715', '熊竞', '18180767136', '4', '成都', '0', null, null, '0', '0', '', '0', '0', '0', '0', '0', '0', '9', '2018-02-07 16:30:00');
INSERT INTO `sys_account` VALUES ('329', '00347360', '00347360', '张志佼', '15921591245', '2', '上海', '0', null, null, '0', '0', '', '0', '0', '0', '0', '0', '0', '9', '2018-02-07 16:30:00');
INSERT INTO `sys_account` VALUES ('330', '00375725', '00375725', '于江', '18908183045', '3', '成都', '0', null, null, '0', '0', '', '0', '0', '0', '0', '0', '0', '9', '2018-02-07 16:30:00');
INSERT INTO `sys_account` VALUES ('331', '00375471', '00375471', '赵娟', '18140133161', '1', '成都', '0', null, null, '0', '0', '', '0', '0', '0', '0', '0', '0', '9', '2018-02-07 16:30:00');
INSERT INTO `sys_account` VALUES ('332', '00375663', '00375663', '陈轶', '13688061922', '4', '成都', '0', null, null, '0', '0', '', '0', '0', '0', '0', '0', '0', '9', '2018-02-07 16:30:00');
INSERT INTO `sys_account` VALUES ('333', '00375661', '00375661', '刘艺', '13348853283', '4', '成都', '0', null, null, '0', '0', '', '0', '0', '0', '0', '0', '0', '9', '2018-02-07 16:30:00');
INSERT INTO `sys_account` VALUES ('334', '00375542', '00375542', '黎刚', '13880641001', '3', '成都', '0', null, null, '0', '0', '', '0', '0', '0', '0', '0', '0', '9', '2018-02-07 16:30:00');
INSERT INTO `sys_account` VALUES ('335', '00375015', '00375015', '石祥', '15982025600', '1', '成都', '0', null, null, '0', '0', '', '0', '0', '0', '0', '0', '0', '9', '2018-02-07 16:30:00');
INSERT INTO `sys_account` VALUES ('336', '00374985', '00374985', '雷宁凡', '13880039911', '3', '成都', '0', null, null, '0', '0', '', '0', '0', '0', '0', '0', '0', '9', '2018-02-07 16:30:00');
INSERT INTO `sys_account` VALUES ('337', '00372587', '00372587', '古显耀', '15982208526', '1', '成都', '0', null, null, '0', '0', '', '0', '0', '0', '0', '0', '0', '9', '2018-02-07 16:30:00');
INSERT INTO `sys_account` VALUES ('338', '00372540', '00372540', '王黔川', '13558872577', '3', '成都', '0', null, null, '0', '0', '', '0', '0', '0', '0', '0', '0', '9', '2018-02-07 16:30:00');
INSERT INTO `sys_account` VALUES ('339', '00372339', '00372339', '王艳', '15528282728', '4', '成都', '0', null, null, '0', '0', '', '0', '0', '0', '0', '0', '0', '9', '2018-02-07 16:30:00');
INSERT INTO `sys_account` VALUES ('340', '00371862', '00371862', '张中理', '17323198079', '4', '出差', '0', null, null, '0', '0', '', '0', '0', '0', '0', '0', '0', '9', '2018-02-07 16:30:00');
INSERT INTO `sys_account` VALUES ('341', '00418883', '00418883', '王鹏', '18516129167', '2', '上海', '0', null, null, '0', '0', '', '0', '0', '0', '0', '0', '0', '9', '2018-02-07 16:30:00');
INSERT INTO `sys_account` VALUES ('342', '00369354', '00369354', '杨岩磊', '13541364390', '4', '成都', '0', null, null, '0', '0', '', '0', '0', '0', '0', '0', '0', '9', '2018-02-07 16:30:00');
INSERT INTO `sys_account` VALUES ('343', '00367123', '00367123', '赵培', '18054796820', '3', '成都', '0', null, null, '0', '0', '', '0', '0', '0', '0', '0', '0', '9', '2018-02-07 16:30:00');
INSERT INTO `sys_account` VALUES ('344', '00364330', '00364330', '罗维东', '13402804163', '3', '成都', '0', null, null, '0', '0', '', '0', '0', '0', '0', '0', '0', '9', '2018-02-07 16:30:00');
INSERT INTO `sys_account` VALUES ('345', '00364230', '00364230', '朱宁', '18980654327', '3', '成都', '0', null, null, '0', '0', '', '0', '0', '0', '0', '0', '0', '9', '2018-02-07 16:30:00');
INSERT INTO `sys_account` VALUES ('346', '00285082', '00285082', '周妍', '13636315978', '2', '上海', '0', null, null, '0', '0', '', '0', '0', '0', '0', '0', '0', '9', '2018-02-07 16:30:00');
INSERT INTO `sys_account` VALUES ('347', '00364000', '00364000', '郑颖', '13880079779', '1', '成都', '0', null, null, '0', '0', '', '0', '0', '0', '0', '0', '0', '9', '2018-02-07 16:30:00');
INSERT INTO `sys_account` VALUES ('348', '00363940', '00363940', '刘仁崇', '18086813705', '4', '成都', '0', null, null, '0', '0', '', '0', '0', '0', '0', '0', '0', '9', '2018-02-07 16:30:00');
INSERT INTO `sys_account` VALUES ('349', '00267880', '00267880', '徐超', '13817268147', '2', '上海', '0', null, null, '0', '0', '', '0', '0', '0', '0', '0', '0', '9', '2018-02-07 16:30:00');
INSERT INTO `sys_account` VALUES ('350', '00355879', '00355879', '刘博', '18483667934', '3', '成都', '0', null, null, '0', '0', '', '0', '0', '0', '0', '0', '0', '9', '2018-02-07 16:30:00');
INSERT INTO `sys_account` VALUES ('351', '00354542', '00354542', '谭梦然', '13882081945', '4', '成都', '0', null, null, '0', '0', '', '0', '0', '0', '0', '0', '0', '9', '2018-02-07 16:30:00');
INSERT INTO `sys_account` VALUES ('352', '00353572', '00353572', '申甦祺', '15008210903', '4', '成都', '0', null, null, '0', '0', '', '0', '0', '0', '0', '0', '0', '9', '2018-02-07 16:30:00');
INSERT INTO `sys_account` VALUES ('353', '00351868', '00351868', '巫素', '15608087661', '4', '成都', '0', null, null, '0', '0', '', '0', '0', '0', '0', '0', '0', '9', '2018-02-07 16:30:00');
INSERT INTO `sys_account` VALUES ('354', '00351272', '00351272', '唐溧', '18688728072', '4', '成都', '0', null, null, '0', '0', '', '0', '0', '0', '0', '0', '0', '9', '2018-02-07 16:30:00');
INSERT INTO `sys_account` VALUES ('355', '00340773', '00340773', '朱伟', '18621180761', '2', '上海', '0', null, null, '0', '0', '', '0', '0', '0', '0', '0', '0', '9', '2018-02-07 16:30:00');
INSERT INTO `sys_account` VALUES ('356', '00380980', '00380980', '何明均', '13730624642', '4', '成都', '0', null, null, '0', '0', '', '0', '0', '0', '0', '0', '0', '9', '2018-02-07 16:30:00');
INSERT INTO `sys_account` VALUES ('357', '00335454', '00335454', '张勇', '18616935031', '2', '上海', '0', null, null, '0', '0', '', '0', '0', '0', '0', '0', '0', '9', '2018-02-07 16:30:00');
INSERT INTO `sys_account` VALUES ('358', '00342877', '00342877', '杨照宇', '18030587518', '1', '成都', '0', null, null, '0', '0', '', '0', '0', '0', '0', '0', '0', '9', '2018-02-07 16:30:00');
INSERT INTO `sys_account` VALUES ('359', '00286667', '00286667', '洪劲松', '13689048783', '2', '成都', '0', null, null, '0', '0', '', '0', '0', '0', '0', '0', '0', '9', '2018-02-07 16:30:00');
INSERT INTO `sys_account` VALUES ('360', '00341460', '00341460', '杨俊卿', '15982126610', '3', '成都', '0', null, null, '0', '0', '', '0', '0', '0', '0', '0', '0', '9', '2018-02-07 16:30:00');
INSERT INTO `sys_account` VALUES ('361', '00341459', '00341459', '马利民', '18011373721', '1', '成都', '0', null, null, '0', '0', '', '0', '0', '0', '0', '0', '0', '9', '2018-02-07 16:30:00');
INSERT INTO `sys_account` VALUES ('362', '00391840', '00391840', '付维翔', '13688110019', '4', '成都', '0', null, null, '0', '0', '', '0', '0', '0', '0', '0', '0', '9', '2018-02-07 16:30:00');
INSERT INTO `sys_account` VALUES ('363', '00337453', '00337453', '李胜兰', '13880959794', '4', '成都', '0', null, null, '0', '0', '', '0', '0', '0', '0', '0', '0', '9', '2018-02-07 16:30:00');
INSERT INTO `sys_account` VALUES ('364', '00337278', '00337278', '牛晓莉', '15102829340', '2', '成都', '0', null, null, '0', '0', '', '0', '0', '0', '0', '0', '0', '9', '2018-02-07 16:30:00');
INSERT INTO `sys_account` VALUES ('365', '00337245', '00337245', '张贤均', '13398177511', '1', '成都', '0', null, null, '0', '0', '', '0', '0', '0', '0', '0', '0', '9', '2018-02-07 16:30:00');
INSERT INTO `sys_account` VALUES ('366', '00274507', '00274507', '俞新民', '15928849772', '4', '成都', '0', null, null, '0', '0', '', '0', '0', '0', '0', '0', '0', '9', '2018-02-07 16:30:00');
INSERT INTO `sys_account` VALUES ('367', '00334003', '00334003', '何志访', '18780290874', '1', '成都', '0', null, null, '0', '0', '', '0', '0', '0', '0', '0', '0', '9', '2018-02-07 16:30:00');
INSERT INTO `sys_account` VALUES ('368', '00333571', '00333571', '罗瑶', '13880728014', '1', '成都', '0', null, null, '0', '0', '', '0', '0', '0', '0', '0', '0', '9', '2018-02-07 16:30:00');
INSERT INTO `sys_account` VALUES ('369', '00334260', '00334260', '袁权', '18608026906', '2', '成都', '0', null, null, '0', '0', '', '0', '0', '0', '0', '0', '0', '9', '2018-02-07 16:30:00');
INSERT INTO `sys_account` VALUES ('370', '00424273', '00424273', '李力行', '15608171516', '2', '成都', '0', null, null, '0', '0', '', '0', '0', '0', '0', '0', '0', '9', '2018-02-07 16:30:00');
INSERT INTO `sys_account` VALUES ('371', '00380910', '00380910', '游燕珍', '18982166784', '2', '成都', '0', null, null, '0', '0', '', '0', '0', '0', '0', '0', '0', '9', '2018-02-07 16:30:00');
INSERT INTO `sys_account` VALUES ('372', '00274976', '00274976', '张军', '15828534174', '4', '成都', '0', null, null, '0', '0', '', '0', '0', '0', '0', '0', '0', '9', '2018-02-07 16:30:00');
INSERT INTO `sys_account` VALUES ('373', '00316971', '00316971', '叶波', '18180573308', '2', '成都', '0', null, null, '0', '0', '', '0', '0', '0', '0', '0', '0', '9', '2018-02-07 16:30:00');
INSERT INTO `sys_account` VALUES ('374', '00210943', '00210943', '高翔', '18190949221', '2', '出差', '0', null, null, '0', '0', '', '0', '0', '0', '0', '0', '0', '9', '2018-02-07 16:30:00');
INSERT INTO `sys_account` VALUES ('375', '00302805', '00302805', '王宏舟', '18582580309', '4', '成都', '0', null, null, '0', '0', '', '0', '0', '0', '0', '0', '0', '9', '2018-02-07 16:30:00');
INSERT INTO `sys_account` VALUES ('376', '00302719', '00302719', '刘佳奇', '18080919377', '4', '成都', '0', null, null, '0', '0', '', '0', '0', '0', '0', '0', '0', '9', '2018-02-07 16:30:00');
INSERT INTO `sys_account` VALUES ('377', '00302545', '00302545', '李斌', '18684015915', '1', '成都', '0', null, null, '0', '0', '', '0', '0', '0', '0', '0', '0', '9', '2018-02-07 16:30:00');
INSERT INTO `sys_account` VALUES ('378', '00302667', '00302667', '陈桂林', '13699470403', '3', '成都', '0', null, null, '0', '0', '', '0', '0', '0', '0', '0', '0', '9', '2018-02-07 16:30:00');
INSERT INTO `sys_account` VALUES ('379', '00299437', '00299437', '王小亮', '18728461858', '3', '成都', '0', null, null, '0', '0', '', '0', '0', '0', '0', '0', '0', '9', '2018-02-07 16:30:00');
INSERT INTO `sys_account` VALUES ('380', '00440610', '00440610', '张伟', '13880027246', '2', '成都', '0', null, null, '0', '0', '', '0', '0', '0', '0', '0', '0', '9', '2018-02-07 16:30:00');
INSERT INTO `sys_account` VALUES ('381', '00289424', '00289424', '杨超', '13980032104', '4', '成都', '0', null, null, '0', '0', '', '0', '0', '0', '0', '0', '0', '9', '2018-02-07 16:30:00');
INSERT INTO `sys_account` VALUES ('382', '00303310', '00303310', '席辉', '15982128958', '2', '成都', '0', null, null, '0', '0', '', '0', '0', '0', '0', '0', '0', '9', '2018-02-07 16:30:00');
INSERT INTO `sys_account` VALUES ('383', '00287359', '00287359', '姚婷', '13551133760', '4', '成都', '0', null, null, '0', '0', '', '0', '0', '0', '0', '0', '0', '9', '2018-02-07 16:30:00');
INSERT INTO `sys_account` VALUES ('384', '00286218', '00286218', '陈斌', '18908184978', '2', '成都', '0', null, null, '0', '0', '', '0', '0', '0', '0', '0', '0', '9', '2018-02-07 16:30:00');
INSERT INTO `sys_account` VALUES ('385', '00286150', '00286150', '赵吉英', '13880523811', '4', '成都', '0', null, null, '0', '0', '', '0', '0', '0', '0', '0', '0', '9', '2018-02-07 16:30:00');
INSERT INTO `sys_account` VALUES ('386', '00286059', '00286059', '姜伟', '18030596773', '3', '成都', '0', null, null, '0', '0', '', '0', '0', '0', '0', '0', '0', '9', '2018-02-07 16:30:00');
INSERT INTO `sys_account` VALUES ('387', '00286012', '00286012', '刘雁林', '18048597026', '3', '成都', '0', null, null, '0', '0', '', '0', '0', '0', '0', '0', '0', '9', '2018-02-07 16:30:00');
INSERT INTO `sys_account` VALUES ('388', '00285226', '00285226', '黄宇明', '18402886425', '3', '成都', '0', null, null, '0', '0', '', '0', '0', '0', '0', '0', '0', '9', '2018-02-07 16:30:00');
INSERT INTO `sys_account` VALUES ('389', '00342889', '00342889', '刘金华', '13980620361', '4', '成都', '0', null, null, '0', '0', '', '0', '0', '0', '0', '0', '0', '9', '2018-02-07 16:30:00');
INSERT INTO `sys_account` VALUES ('390', '00287485', '00287485', '熊彬', '18980641649', '4', '成都', '0', null, null, '0', '0', '', '0', '0', '0', '0', '0', '0', '9', '2018-02-07 16:30:00');
INSERT INTO `sys_account` VALUES ('391', '00282870', '00282870', '张明', '13661999904', '4', '成都', '0', null, '2018-02-06 15:33:35', '0', '0', 'odLWc0ua76lELp0rpwkzkbEIr5yc', '0', '0', '0', '0', '0', '0', '9', '2018-02-07 16:30:00');
INSERT INTO `sys_account` VALUES ('392', '00282186', '00282186', '翟孝军', '15108461467', '4', '成都', '0', null, null, '0', '0', '', '0', '0', '0', '0', '0', '0', '9', '2018-02-07 16:30:00');
INSERT INTO `sys_account` VALUES ('393', '00179092', '00179092', '曾礼君', '17608040228', '4', '成都', '0', null, null, '0', '0', '', '0', '0', '0', '0', '0', '0', '9', '2018-02-07 16:30:00');
INSERT INTO `sys_account` VALUES ('394', '00376277', '00376277', '罗鹏', '18081988295', '4', '成都', '0', null, null, '0', '0', '', '0', '0', '0', '0', '0', '0', '9', '2018-02-07 16:30:00');
INSERT INTO `sys_account` VALUES ('395', '00341461', '00341461', '任邛涛', '13693493907', '4', '成都', '0', null, null, '0', '0', '', '0', '0', '0', '0', '0', '0', '9', '2018-02-07 16:30:00');
INSERT INTO `sys_account` VALUES ('396', '00274441', '00274441', '高新志', '18908216649', '4', '成都', '0', null, null, '0', '0', '', '0', '0', '0', '0', '0', '0', '9', '2018-02-07 16:30:00');
INSERT INTO `sys_account` VALUES ('397', '00372119', '00372119', '张旻', '18160012975', '1', '成都', '0', null, null, '0', '0', '', '0', '0', '0', '0', '0', '0', '9', '2018-02-07 16:30:00');
INSERT INTO `sys_account` VALUES ('398', '00371855', '00371855', '邓桦', '13980460956', '1', '成都', '0', null, null, '0', '0', '', '0', '0', '0', '0', '0', '0', '9', '2018-02-07 16:30:00');
INSERT INTO `sys_account` VALUES ('399', '00266603', '00266603', '钟昭', '18628003866', '1', '成都', '0', null, null, '0', '0', '', '0', '0', '0', '0', '0', '0', '9', '2018-02-07 16:30:00');
INSERT INTO `sys_account` VALUES ('400', '00265234', '00265234', '黄磊', '720488923', '4', '成都', '0', null, null, '0', '0', '', '0', '0', '0', '0', '0', '0', '9', '2018-02-07 16:30:00');
INSERT INTO `sys_account` VALUES ('401', '00254908', '00254908', '陈伦', '13980969380', '3', '成都', '0', null, null, '0', '0', '', '0', '0', '0', '0', '0', '0', '9', '2018-02-07 16:30:00');
INSERT INTO `sys_account` VALUES ('402', '00167377', '00167377', '易秦', '17380121109', '4', '成都', '0', null, null, '0', '0', '', '0', '0', '0', '0', '0', '0', '9', '2018-02-07 16:30:00');
INSERT INTO `sys_account` VALUES ('403', '00250116', '00250116', '李丹凤', '18980637535', '3', '成都', '0', null, null, '0', '0', '', '0', '0', '0', '0', '0', '0', '9', '2018-02-07 16:30:00');
INSERT INTO `sys_account` VALUES ('404', '00248539', '00248539', '宁望涛', '13547932137', '3', '成都', '0', null, null, '0', '0', '', '0', '0', '0', '0', '0', '0', '9', '2018-02-07 16:30:00');
INSERT INTO `sys_account` VALUES ('405', '00245754', '00245754', '吴禹', '15828061180', '3', '成都', '0', null, null, '0', '0', '', '0', '0', '0', '0', '0', '0', '9', '2018-02-07 16:30:00');
INSERT INTO `sys_account` VALUES ('406', '00244792', '00244792', '蔡寿祥', '13348893255', '4', '成都', '0', null, null, '0', '0', '', '0', '0', '0', '0', '0', '0', '9', '2018-02-07 16:30:00');
INSERT INTO `sys_account` VALUES ('407', '00239616', '00239616', '张鹏', '18081049010', '1', '成都', '0', null, null, '0', '0', '', '0', '0', '0', '0', '0', '0', '9', '2018-02-07 16:30:00');
INSERT INTO `sys_account` VALUES ('408', '00227637', '00227637', '李叶明', '13541372368', '4', '成都', '0', null, '2018-02-06 12:34:59', '0', '0', 'odLWc0vzOEW53AY0ERCU4RA9RUJw', '0', '0', '0', '0', '0', '0', '9', '2018-02-07 16:30:00');
INSERT INTO `sys_account` VALUES ('409', '00227602', '00227602', '廖义娟', '18349291526', '3', '成都', '0', null, null, '0', '0', '', '0', '0', '0', '0', '0', '0', '9', '2018-02-07 16:30:00');
INSERT INTO `sys_account` VALUES ('410', '00225765', '00225765', '张若时', '18010528893', '4', '成都', '0', null, null, '0', '0', '', '0', '0', '0', '0', '0', '0', '9', '2018-02-07 16:30:00');
INSERT INTO `sys_account` VALUES ('411', '00225761', '00225761', '邓茜', '13308174277', '3', '成都', '0', null, null, '0', '0', '', '0', '0', '0', '0', '0', '0', '9', '2018-02-07 16:30:00');
INSERT INTO `sys_account` VALUES ('412', '00225686', '00225686', '郭杰', '18780052077', '4', '成都', '0', null, null, '0', '0', '', '0', '0', '0', '0', '0', '0', '9', '2018-02-07 16:30:00');
INSERT INTO `sys_account` VALUES ('413', '00225660', '00225660', '刘显强', '13550316688', '4', '成都', '0', null, null, '0', '0', '', '0', '0', '0', '0', '0', '0', '9', '2018-02-07 16:30:00');
INSERT INTO `sys_account` VALUES ('414', '00223401', '00223401', '吕涛', '13880049368', '3', '成都', '0', null, null, '0', '0', '', '0', '0', '0', '0', '0', '0', '9', '2018-02-07 16:30:00');
INSERT INTO `sys_account` VALUES ('415', '00223381', '00223381', '王磊', '17780730062', '3', '成都', '0', null, null, '0', '0', '', '0', '0', '0', '0', '0', '0', '9', '2018-02-07 16:30:00');
INSERT INTO `sys_account` VALUES ('416', '00221443', '00221443', '邹洪伟', '15829362653', '3', '成都', '0', null, null, '0', '0', '', '0', '0', '0', '0', '0', '0', '9', '2018-02-07 16:30:00');
INSERT INTO `sys_account` VALUES ('417', '00221064', '00221064', '赖寒冰', '18628267020', '4', '成都', '0', null, null, '0', '0', '', '0', '0', '0', '0', '0', '0', '9', '2018-02-07 16:30:00');
INSERT INTO `sys_account` VALUES ('418', '00221060', '00221060', '阮志锋', '13648004017', '4', '成都', '0', null, null, '0', '0', '', '0', '0', '0', '0', '0', '0', '9', '2018-02-07 16:30:00');
INSERT INTO `sys_account` VALUES ('419', '00220057', '00220057', '李建锋', '17358519862', '3', '成都', '0', null, null, '0', '0', '', '0', '0', '0', '0', '0', '0', '9', '2018-02-07 16:30:00');
INSERT INTO `sys_account` VALUES ('420', '00219501', '00219501', '刘佳', '8034756995', '3', '成都', '0', null, null, '0', '0', '', '0', '0', '0', '0', '0', '0', '9', '2018-02-07 16:30:00');
INSERT INTO `sys_account` VALUES ('421', '00418982', '00418982', '孙强', '18980079176', '1', '成都', '0', null, null, '0', '0', '', '0', '0', '0', '0', '0', '0', '9', '2018-02-07 16:30:00');
INSERT INTO `sys_account` VALUES ('422', '00215515', '00215515', '王泉', '13902472347', '1', '成都', '0', null, null, '0', '0', '', '0', '0', '0', '0', '0', '0', '9', '2018-02-07 16:30:00');
INSERT INTO `sys_account` VALUES ('423', '00211383', '00211383', '聂采毅', '17796487545', '3', '成都', '0', null, null, '0', '0', '', '0', '0', '0', '0', '0', '0', '9', '2018-02-07 16:30:00');
INSERT INTO `sys_account` VALUES ('424', '00268313', '00268313', '唐瑜键', '17780617387', '2', '成都', '0', null, null, '0', '0', '', '0', '0', '0', '0', '0', '0', '9', '2018-02-07 16:30:00');
INSERT INTO `sys_account` VALUES ('425', '00210172', '00210172', '赵述军', '18328337210', '4', '成都', '0', null, null, '0', '0', '', '0', '0', '0', '0', '0', '0', '9', '2018-02-07 16:30:00');
INSERT INTO `sys_account` VALUES ('426', '00209602', '00209602', '宁小科', '18190878533', '4', '成都', '0', null, null, '0', '0', '', '0', '0', '0', '0', '0', '0', '9', '2018-02-07 16:30:00');
INSERT INTO `sys_account` VALUES ('427', '00209302', '00209302', '闫涛', '18983355994', '3', '成都', '0', null, null, '0', '0', '', '0', '0', '0', '0', '0', '0', '9', '2018-02-07 16:30:00');
INSERT INTO `sys_account` VALUES ('428', '00208943', '00208943', '田悦', '13981802607', '3', '成都', '0', null, null, '0', '0', '', '0', '0', '0', '0', '0', '0', '9', '2018-02-07 16:30:00');
INSERT INTO `sys_account` VALUES ('429', '00208413', '00208413', '罗斌', '18980974917', '4', '成都', '0', null, null, '0', '0', '', '0', '0', '0', '0', '0', '0', '9', '2018-02-07 16:30:00');
INSERT INTO `sys_account` VALUES ('430', '00207629', '00207629', '何加波', '18682554433', '3', '成都', '0', null, null, '0', '0', '', '0', '0', '0', '0', '0', '0', '9', '2018-02-07 16:30:00');
INSERT INTO `sys_account` VALUES ('431', '00207444', '00207444', '孟凡右', '18180516769', '3', '成都', '0', null, null, '0', '0', '', '0', '0', '0', '0', '0', '0', '9', '2018-02-07 16:30:00');
INSERT INTO `sys_account` VALUES ('432', '00387720', '00387720', '谢梦', '13518109514', '2', '成都', '0', null, null, '0', '0', '', '0', '0', '0', '0', '0', '0', '9', '2018-02-07 16:30:00');
INSERT INTO `sys_account` VALUES ('433', '00204423', '00204423', '郑凤媛', '18980709194', '3', '成都', '0', null, null, '0', '0', '', '0', '0', '0', '0', '0', '0', '9', '2018-02-07 16:30:00');
INSERT INTO `sys_account` VALUES ('434', '00204038', '00204038', '杨权', '13438050117', '3', '成都', '0', null, null, '0', '0', '', '0', '0', '0', '0', '0', '0', '9', '2018-02-07 16:30:00');
INSERT INTO `sys_account` VALUES ('435', '00204000', '00204000', '朱志朋', '15208383930', '4', '成都', '0', null, null, '0', '0', '', '0', '0', '0', '0', '0', '0', '9', '2018-02-07 16:30:00');
INSERT INTO `sys_account` VALUES ('436', '00202837', '00202837', '罗启林', '13618044211', '4', '成都', '0', null, null, '0', '0', '', '0', '0', '0', '0', '0', '0', '9', '2018-02-07 16:30:00');
INSERT INTO `sys_account` VALUES ('437', '00202691', '00202691', '王元明', '18080491826', '4', '成都', '0', null, null, '0', '0', '', '0', '0', '0', '0', '0', '0', '9', '2018-02-07 16:30:00');
INSERT INTO `sys_account` VALUES ('438', '00201754', '00201754', '邓明', '13028164836', '4', '成都', '0', null, null, '0', '0', '', '0', '0', '0', '0', '0', '0', '9', '2018-02-07 16:30:00');
INSERT INTO `sys_account` VALUES ('439', '00201327', '00201327', '张林', '13540781538', '2', '成都', '0', null, null, '0', '0', '', '0', '0', '0', '0', '0', '0', '9', '2018-02-07 16:30:00');
INSERT INTO `sys_account` VALUES ('440', '00201243', '00201243', '周勇志', '18702854977', '4', '成都', '0', null, null, '0', '0', '', '0', '0', '0', '0', '0', '0', '9', '2018-02-07 16:30:00');
INSERT INTO `sys_account` VALUES ('441', '00201138', '00201138', '滕志超', '13730802680', '4', '成都', '0', null, null, '0', '0', '', '0', '0', '0', '0', '0', '0', '9', '2018-02-07 16:30:00');
INSERT INTO `sys_account` VALUES ('442', '00200901', '00200901', '姜鹏程', '18190785882', '3', '出差', '0', null, null, '0', '0', '', '0', '0', '0', '0', '0', '0', '9', '2018-02-07 16:30:00');
INSERT INTO `sys_account` VALUES ('443', '00200245', '00200245', '刘人齐', '18628317767', '3', '成都', '0', null, null, '0', '0', '', '0', '0', '0', '0', '0', '0', '9', '2018-02-07 16:30:00');
INSERT INTO `sys_account` VALUES ('444', '00198572', '00198572', '王强', '18980906042', '4', '成都', '0', null, null, '0', '0', '', '0', '0', '0', '0', '0', '0', '9', '2018-02-07 16:30:00');
INSERT INTO `sys_account` VALUES ('445', '00198552', '00198552', '任祥贵', '18084811292', '4', '成都', '0', null, null, '0', '0', '', '0', '0', '0', '0', '0', '0', '9', '2018-02-07 16:30:00');
INSERT INTO `sys_account` VALUES ('446', '00196240', '00196240', '金勇均', '18780016037', '4', '成都', '0', null, null, '0', '0', '', '0', '0', '0', '0', '0', '0', '9', '2018-02-07 16:30:00');
INSERT INTO `sys_account` VALUES ('447', '00195439', '00195439', '李安安', '13688058275', '3', '成都', '0', null, null, '0', '0', '', '0', '0', '0', '0', '0', '0', '9', '2018-02-07 16:30:00');
INSERT INTO `sys_account` VALUES ('448', '00195352', '00195352', '袁号', '18628358212', '3', '成都', '0', null, null, '0', '0', '', '0', '0', '0', '0', '0', '0', '9', '2018-02-07 16:30:00');
INSERT INTO `sys_account` VALUES ('449', '00195149', '00195149', '晋峥', '13882298800', '3', '成都', '0', null, null, '0', '0', '', '0', '0', '0', '0', '0', '0', '9', '2018-02-07 16:30:00');
INSERT INTO `sys_account` VALUES ('450', '00191919', '00191919', '祝仰伟', '15802829983', '4', '成都', '0', null, null, '0', '0', '', '0', '0', '0', '0', '0', '0', '9', '2018-02-07 16:30:00');
INSERT INTO `sys_account` VALUES ('451', '00191545', '00191545', '张梅', '17340170211', '3', '成都', '0', null, null, '0', '0', '', '0', '0', '0', '0', '0', '0', '9', '2018-02-07 16:30:00');
INSERT INTO `sys_account` VALUES ('452', '00190883', '00190883', '何其钰', '17708103592', '3', '成都', '0', null, null, '0', '0', '', '0', '0', '0', '0', '0', '0', '9', '2018-02-07 16:30:00');
INSERT INTO `sys_account` VALUES ('453', '00190521', '00190521', '乔梁', '18000523152', '3', '成都', '0', null, null, '0', '0', '', '0', '0', '0', '0', '0', '0', '9', '2018-02-07 16:30:00');
INSERT INTO `sys_account` VALUES ('454', '00190370', '00190370', '胡家豪', '18008046803', '3', '成都', '0', null, null, '0', '0', '', '0', '0', '0', '0', '0', '0', '9', '2018-02-07 16:30:00');
INSERT INTO `sys_account` VALUES ('455', '00189183', '00189183', '邝秀玉', '15884445638', '3', '成都', '0', null, null, '0', '0', '', '0', '0', '0', '0', '0', '0', '9', '2018-02-07 16:30:00');
INSERT INTO `sys_account` VALUES ('456', '00188890', '00188890', '董振奇', '13730668086', '4', '成都', '0', null, null, '0', '0', '', '0', '0', '0', '0', '0', '0', '9', '2018-02-07 16:30:00');
INSERT INTO `sys_account` VALUES ('457', '00330987', '00330987', '杨洪涛', '18080949080', '2', '成都', '0', null, null, '0', '0', '', '0', '0', '0', '0', '0', '0', '9', '2018-02-07 16:30:00');
INSERT INTO `sys_account` VALUES ('458', '00178112', '00178112', '程勇', '18681224169', '3', '成都', '0', null, null, '0', '0', '', '0', '0', '0', '0', '0', '0', '9', '2018-02-07 16:30:00');
INSERT INTO `sys_account` VALUES ('459', '00176309', '00176309', '邓先武', '13708088293', '4', '成都', '0', null, null, '0', '0', '', '0', '0', '0', '0', '0', '0', '9', '2018-02-07 16:30:00');
INSERT INTO `sys_account` VALUES ('460', '00171446', '00171446', '卢建', '15882110184', '3', '成都', '0', null, null, '0', '0', '', '0', '0', '0', '0', '0', '0', '9', '2018-02-07 16:30:00');
INSERT INTO `sys_account` VALUES ('461', '00170052', '00170052', '陈丽容', '17381800413', '3', '成都', '0', null, null, '0', '0', '', '0', '0', '0', '0', '0', '0', '9', '2018-02-07 16:30:00');
INSERT INTO `sys_account` VALUES ('462', '00170050', '00170050', '李毓蕙', '18981964327', '4', '成都', '0', null, null, '0', '0', '', '0', '0', '0', '0', '0', '0', '9', '2018-02-07 16:30:00');
INSERT INTO `sys_account` VALUES ('463', '00170008', '00170008', '蒲星宇', '13551066339', '3', '成都', '0', null, null, '0', '0', '', '0', '0', '0', '0', '0', '0', '9', '2018-02-07 16:30:00');
INSERT INTO `sys_account` VALUES ('464', '00169666', '00169666', '龚长松', '13880611531', '2', '成都', '0', null, null, '0', '0', '', '0', '0', '0', '0', '0', '0', '9', '2018-02-07 16:30:00');
INSERT INTO `sys_account` VALUES ('465', '00169553', '00169553', '李广俊', '13408557122', '4', '成都', '0', null, null, '0', '0', '', '0', '0', '0', '0', '0', '0', '9', '2018-02-07 16:30:00');
INSERT INTO `sys_account` VALUES ('466', '00169046', '00169046', '邵明义', '15882476021', '4', '成都', '0', null, null, '0', '0', '', '0', '0', '0', '0', '0', '0', '9', '2018-02-07 16:30:00');
INSERT INTO `sys_account` VALUES ('467', '00168760', '00168760', '陈炜', '18981945870', '4', '成都', '0', null, null, '0', '0', '', '0', '0', '0', '0', '0', '0', '9', '2018-02-07 16:30:00');
INSERT INTO `sys_account` VALUES ('468', '00168601', '00168601', '何承玺', '13908091329', '4', '成都', '0', null, '2018-02-06 11:05:03', '0', '0', '', '0', '0', '0', '0', '0', '0', '9', '2018-02-07 16:30:00');
INSERT INTO `sys_account` VALUES ('469', '00168538', '00168538', '陈辞', '18108045781', '2', '成都', '0', null, null, '0', '0', '', '0', '0', '0', '0', '0', '0', '9', '2018-02-07 16:30:00');
INSERT INTO `sys_account` VALUES ('470', '00168381', '00168381', '刘鉴旭', '13518135499', '3', '成都', '0', null, null, '0', '0', '', '0', '0', '0', '0', '0', '0', '9', '2018-02-07 16:30:00');
INSERT INTO `sys_account` VALUES ('471', '00168357', '00168357', '汪志刚', '18583260373', '3', '成都', '0', null, null, '0', '0', '', '0', '0', '0', '0', '0', '0', '9', '2018-02-07 16:30:00');
INSERT INTO `sys_account` VALUES ('472', '00334955', '00334955', '田路', '18190836521', '3', '成都', '0', null, null, '0', '0', '', '0', '0', '0', '0', '0', '0', '9', '2018-02-07 16:30:00');
INSERT INTO `sys_account` VALUES ('473', '00364739', '00364739', '陈晓', '17828060388', '1', '成都', '0', null, null, '0', '0', '', '0', '0', '0', '0', '0', '0', '9', '2018-02-07 16:30:00');
INSERT INTO `sys_account` VALUES ('474', '00168081', '00168081', '邹畅', '18981860855', '4', '成都', '0', null, null, '0', '0', '', '0', '0', '0', '0', '0', '0', '9', '2018-02-07 16:30:00');
INSERT INTO `sys_account` VALUES ('475', '00167629', '00167629', '叶茂', '13980970220', '3', '成都', '0', null, null, '0', '0', '', '0', '0', '0', '0', '0', '0', '9', '2018-02-07 16:30:00');
INSERT INTO `sys_account` VALUES ('476', '00250186', '00250186', '张霄龙', '18502805195', '2', '成都', '0', null, null, '0', '0', '', '0', '0', '0', '0', '0', '0', '9', '2018-02-07 16:30:00');
INSERT INTO `sys_account` VALUES ('477', '00205225', '00205225', '石庆彬', '18615748765', '2', '成都', '0', null, null, '0', '0', '', '0', '0', '0', '0', '0', '0', '9', '2018-02-07 16:30:00');
INSERT INTO `sys_account` VALUES ('478', '00337387', '00337387', '罗璟真', '7584475171', '4', '出差', '0', null, null, '0', '0', '', '0', '0', '0', '0', '0', '0', '9', '2018-02-07 16:30:00');
INSERT INTO `sys_account` VALUES ('479', '00436520', '00436520', '张梅胜蓝', '18080951139', '4', '成都', '0', null, null, '0', '0', '', '0', '0', '0', '0', '0', '0', '9', '2018-02-07 16:30:00');
INSERT INTO `sys_account` VALUES ('480', '00300535', '00300535', '钟林栖', '13618036263', '1', '成都', '0', null, null, '0', '0', '', '0', '0', '0', '0', '0', '0', '9', '2018-02-07 16:30:00');
INSERT INTO `sys_account` VALUES ('481', '00439580', '00439580', '王昕', '18680380931', '3', '成都', '0', null, null, '0', '0', '', '0', '0', '0', '0', '0', '0', '9', '2018-02-07 16:30:00');
INSERT INTO `sys_account` VALUES ('482', '00439473', '00439473', '叶建荣', '17360022048', '3', '成都', '0', null, null, '0', '0', '', '0', '0', '0', '0', '0', '0', '9', '2018-02-07 16:30:00');
INSERT INTO `sys_account` VALUES ('483', '00439372', '00439372', '付学智', '13688407305', '4', '成都', '0', null, null, '0', '0', '', '0', '0', '0', '0', '0', '0', '9', '2018-02-07 16:30:00');
INSERT INTO `sys_account` VALUES ('484', '00439973', '00439973', '杜鑫', '17745027991', '2', '成都', '0', null, null, '0', '0', '', '0', '0', '0', '0', '0', '0', '9', '2018-02-07 16:30:00');
INSERT INTO `sys_account` VALUES ('485', '00230876', '00230876', '周光波', '13568878071', '4', '成都', '0', null, null, '0', '0', '', '0', '0', '0', '0', '0', '0', '9', '2018-02-07 16:30:00');
INSERT INTO `sys_account` VALUES ('486', '00375446', '00375446', '王英', '18628205647', '1', '成都', '0', null, null, '0', '0', '', '0', '0', '0', '0', '0', '0', '9', '2018-02-07 16:30:00');
INSERT INTO `sys_account` VALUES ('487', '00265857', '00265857', '龙河冰', '13438890753', '1', '成都', '0', null, null, '0', '0', '', '0', '0', '0', '0', '0', '0', '9', '2018-02-07 16:30:00');
INSERT INTO `sys_account` VALUES ('488', '00415194', '00415194', '胡霞 ', '18980698539', '1', '成都', '0', null, null, '0', '0', '', '0', '0', '0', '0', '0', '0', '9', '2018-02-07 16:30:00');
INSERT INTO `sys_account` VALUES ('489', '00369175', '00369175', '程宇', '13880612649', '1', '成都', '0', null, null, '0', '0', '', '0', '0', '0', '0', '0', '0', '9', '2018-02-07 16:30:00');
INSERT INTO `sys_account` VALUES ('490', '00335099', '00335099', '彭灵芝', '18328349233', '1', '成都', '0', null, null, '0', '0', '', '0', '0', '0', '0', '0', '0', '9', '2018-02-07 16:30:00');
INSERT INTO `sys_account` VALUES ('491', '00364289', '00364289', '莫小林', '18116562468', '1', '成都', '0', null, null, '0', '0', '', '0', '0', '0', '0', '0', '0', '9', '2018-02-07 16:30:00');
INSERT INTO `sys_account` VALUES ('492', '00288078', '00288078', '王艳丽', '13683497508', '1', '成都', '0', null, null, '0', '0', '', '0', '0', '0', '0', '0', '0', '9', '2018-02-07 16:30:00');
INSERT INTO `sys_account` VALUES ('493', '00375328', '00375328', '卓熹', '18628168215', '1', '成都', '0', null, null, '0', '0', '', '0', '0', '0', '0', '0', '0', '9', '2018-02-07 16:30:00');
INSERT INTO `sys_account` VALUES ('494', '00375760', '00375760', '钟荣敏', '18982056064', '1', '成都', '0', null, null, '0', '0', '', '0', '0', '0', '0', '0', '0', '9', '2018-02-07 16:30:00');
INSERT INTO `sys_account` VALUES ('495', 'WX531815', 'WX531815', '刘晓', '15928754238', '1', '成都', '0', null, null, '0', '0', '', '0', '0', '0', '0', '0', '0', '9', '2018-02-07 16:30:00');
INSERT INTO `sys_account` VALUES ('496', 'wx317834', 'wx317834', '周昕', '15982095345', '1', '成都', '0', null, null, '0', '0', '', '0', '0', '0', '0', '0', '0', '9', '2018-02-07 16:30:00');
INSERT INTO `sys_account` VALUES ('497', 'wx332254', 'wx332254', '任秀丽', '13618081980', '1', '成都', '0', null, null, '0', '0', '', '0', '0', '0', '0', '0', '0', '9', '2018-02-07 16:30:00');
INSERT INTO `sys_account` VALUES ('498', 'wx337064', 'wx337064', '黄蓉', '18511835269', '1', '成都', '0', null, null, '0', '0', '', '0', '0', '0', '0', '0', '0', '9', '2018-02-07 16:30:00');

-- ----------------------------
-- Table structure for sys_account_copy
-- ----------------------------
DROP TABLE IF EXISTS `sys_account_copy`;
CREATE TABLE `sys_account_copy` (
  `id` int(11) NOT NULL AUTO_INCREMENT,
  `username` varchar(50) COLLATE utf8_bin NOT NULL COMMENT '工号',
  `password` varchar(50) COLLATE utf8_bin NOT NULL COMMENT '密码',
  `realname` varchar(50) COLLATE utf8_bin NOT NULL COMMENT '真实姓名',
  `phoneNo` varchar(50) COLLATE utf8_bin DEFAULT NULL COMMENT '电话号码',
  `dept` varchar(50) COLLATE utf8_bin DEFAULT NULL COMMENT '部门',
  `district` varchar(50) CHARACTER SET utf8 DEFAULT '' COMMENT '地域',
  `level` tinyint(3) unsigned DEFAULT '0',
  `lastLoginTime` datetime DEFAULT NULL COMMENT '最后一次登录时间',
  `lastHeartbeat` datetime DEFAULT NULL COMMENT '最后一次心跳时间',
  `onLineTime` int(10) unsigned DEFAULT NULL COMMENT '累计在线时长',
  `loginState` tinyint(3) unsigned DEFAULT '0' COMMENT '是否登录(0:未登录;1:登录)',
  `openid` varchar(50) COLLATE utf8_bin DEFAULT NULL COMMENT '微信用户唯一标识',
  `fu1` int(11) DEFAULT NULL COMMENT '燃 个数',
  `fu2` int(11) DEFAULT NULL COMMENT '情 个数',
  `fu3` int(11) DEFAULT NULL COMMENT '小 个数',
  `fu4` int(11) DEFAULT NULL COMMENT '站 个数',
  `fu5` int(11) DEFAULT NULL COMMENT '合成 个数',
  `gotFu` int(11) DEFAULT '0' COMMENT '是否领取福奖',
  `remainRandomCount` int(11) DEFAULT NULL COMMENT '剩余抽奖次数',
  `nextRandomTime` datetime DEFAULT NULL COMMENT '下次抽奖时间',
  PRIMARY KEY (`id`),
  UNIQUE KEY `username` (`username`)
) ENGINE=InnoDB AUTO_INCREMENT=1694 DEFAULT CHARSET=utf8 COLLATE=utf8_bin COMMENT='账户信息表';

-- ----------------------------
-- Records of sys_account_copy
-- ----------------------------
INSERT INTO `sys_account_copy` VALUES ('1455', 'admin', 'admin123', 'admin', null, null, null, null, null, null, null, '0', null, null, null, null, null, null, '0', null, '2018-02-07 23:09:24');
INSERT INTO `sys_account_copy` VALUES ('1456', '00381404', '00381404', '代传龙', '829322851', '3', '海外', '0', null, null, null, '0', null, null, null, null, null, null, '0', null, null);
INSERT INTO `sys_account_copy` VALUES ('1457', '00418897', '00418897', '王淳', '7948017659', '2', '海外', '0', null, null, null, '0', null, null, null, null, null, null, '0', null, null);
INSERT INTO `sys_account_copy` VALUES ('1458', '00363998', '00363998', '李文龙', '13684029485', '1', '海外', '0', null, null, null, '0', null, null, null, null, null, null, '0', null, null);
INSERT INTO `sys_account_copy` VALUES ('1459', '00341462', '00341462', '张君', '13980728465', '4', '海外', '0', null, null, null, '0', null, null, null, null, null, null, '0', null, null);
INSERT INTO `sys_account_copy` VALUES ('1460', '00201242', '00201242', '孙璐苹', '13908171981', '3', '海外', '0', null, null, null, '0', null, null, null, null, null, null, '0', null, null);
INSERT INTO `sys_account_copy` VALUES ('1461', '00178205', '00178205', '陈超', '583956160', '4', '海外', '0', null, null, null, '0', null, null, null, null, null, null, '0', null, null);
INSERT INTO `sys_account_copy` VALUES ('1462', '00329807', '00329807', '许慧', '15108298653', '3', '成都', '0', null, null, null, '0', null, null, null, null, null, null, '0', null, null);
INSERT INTO `sys_account_copy` VALUES ('1463', '00266479', '00266479', '代辉', '18180810991', '3', '成都', '0', null, null, null, '0', null, null, null, null, null, null, '0', null, null);
INSERT INTO `sys_account_copy` VALUES ('1464', '00404923', '00404923', '牟和平', '13541073052', '1', '成都', '0', null, null, null, '0', null, null, null, null, null, null, '0', null, null);
INSERT INTO `sys_account_copy` VALUES ('1465', '00351317', '00351317', '刘婷', '13699441640', '3', '成都', '0', null, null, null, '0', null, null, null, null, null, null, '0', null, null);
INSERT INTO `sys_account_copy` VALUES ('1466', '00387002', '00387002', '潘峰', '15608200308', '4', '成都', '0', null, null, null, '0', null, null, null, null, null, null, '0', null, null);
INSERT INTO `sys_account_copy` VALUES ('1467', '00369346', '00369346', '安勇', '18982024433', '3', '成都', '0', null, null, null, '0', null, null, null, null, null, null, '0', null, null);
INSERT INTO `sys_account_copy` VALUES ('1468', '00207442', '00207442', '罗雁冰', '18180429101', '4', '成都', '0', null, null, null, '0', null, null, null, null, null, null, '0', null, null);
INSERT INTO `sys_account_copy` VALUES ('1469', '00333052', '00333052', '秦钰昆', '13551168566', '4', '成都', '0', null, null, null, '0', null, null, null, null, null, null, '0', null, null);
INSERT INTO `sys_account_copy` VALUES ('1470', '00425506', '00425506', '陈书书', '18782977341', '4', '成都', '0', null, null, null, '0', null, null, null, null, null, null, '0', null, null);
INSERT INTO `sys_account_copy` VALUES ('1471', '00425745', '00425745', '姚家雄', '17621627896', '2', '上海', '0', null, null, null, '0', null, null, null, null, null, null, '0', null, null);
INSERT INTO `sys_account_copy` VALUES ('1472', '00425295', '00425295', '张婷婷', '18782976489', '3', '成都', '0', null, null, null, '0', null, null, null, null, null, null, '0', null, null);
INSERT INTO `sys_account_copy` VALUES ('1473', '00423913', '00423913', '王辉', '18717887681', '2', '上海', '0', null, null, null, '0', null, null, null, null, null, null, '0', null, null);
INSERT INTO `sys_account_copy` VALUES ('1474', '00424038', '00424038', '高超', '18328005388', '4', '成都', '0', null, null, null, '0', null, null, null, null, null, null, '0', null, null);
INSERT INTO `sys_account_copy` VALUES ('1475', '00424028', '00424028', '张奎', '18280389672', '4', '成都', '0', null, null, null, '0', null, null, null, null, null, null, '0', null, null);
INSERT INTO `sys_account_copy` VALUES ('1476', '00422865', '00422865', '吴曦', '18280389672', '2', '上海', '0', null, null, null, '0', null, null, null, null, null, null, '0', null, null);
INSERT INTO `sys_account_copy` VALUES ('1477', '00339936', '00339936', '覃燕敏', '13761336989', '1', '上海', '0', null, null, null, '0', null, null, null, null, null, null, '0', null, null);
INSERT INTO `sys_account_copy` VALUES ('1478', '00364219', '00364219', '闻勋颖', '18621711310', '2', '上海', '0', null, null, null, '0', null, null, null, null, null, null, '0', null, null);
INSERT INTO `sys_account_copy` VALUES ('1479', '00358511', '00358511', '蔡文洲', '13816828957', '2', '上海', '0', null, null, null, '0', null, null, null, null, null, null, '0', null, null);
INSERT INTO `sys_account_copy` VALUES ('1480', '00337063', '00337063', '孙晓光', '13764823301', '2', '上海', '0', null, null, null, '0', null, null, null, null, null, null, '0', null, null);
INSERT INTO `sys_account_copy` VALUES ('1481', '00421707', '00421707', '余婷', '13541128974', '3', '成都', '0', null, null, null, '0', null, null, null, null, null, null, '0', null, null);
INSERT INTO `sys_account_copy` VALUES ('1482', '00421173', '00421173', '杜光宇', '15982365005', '4', '出差', '0', null, null, null, '0', null, null, null, null, null, null, '0', null, null);
INSERT INTO `sys_account_copy` VALUES ('1483', '00292181', '00292181', '石子娟', '17740807675', '2', '上海', '0', null, null, null, '0', null, null, null, null, null, null, '0', null, null);
INSERT INTO `sys_account_copy` VALUES ('1484', '00284381', '00284381', '孙科健', '18980897090', '2', '成都', '0', null, null, null, '0', null, null, null, null, null, null, '0', null, null);
INSERT INTO `sys_account_copy` VALUES ('1485', '00398230', '00398230', '王敏', '18502887453', '1', '成都', '0', null, null, null, '0', null, null, null, null, null, null, '0', null, null);
INSERT INTO `sys_account_copy` VALUES ('1486', '00417222', '00417222', '鲁江波', '13730669089', '4', '成都', '0', null, null, null, '0', null, null, null, null, null, null, '0', null, null);
INSERT INTO `sys_account_copy` VALUES ('1487', '00402479', '00402479', '彭劲东', '13882096415', '2', '成都', '0', null, null, null, '0', null, null, null, null, null, null, '0', null, null);
INSERT INTO `sys_account_copy` VALUES ('1488', '00401713', '00401713', '肖克祥', '13699441767', '4', '成都', '0', null, null, null, '0', null, null, null, null, null, null, '0', null, null);
INSERT INTO `sys_account_copy` VALUES ('1489', '00398122', '00398122', '赵兴宇', '18086833078', '3', '成都', '0', null, null, null, '0', null, null, null, null, null, null, '0', null, null);
INSERT INTO `sys_account_copy` VALUES ('1490', '00397253', '00397253', '孙靖', '18602868547', '4', '成都', '0', null, null, null, '0', null, null, null, null, null, null, '0', null, null);
INSERT INTO `sys_account_copy` VALUES ('1491', '00425434', '00425434', '马天辉', '13611840473', '2', '上海', '0', null, null, null, '0', null, null, null, null, null, null, '0', null, null);
INSERT INTO `sys_account_copy` VALUES ('1492', '00390424', '00390424', '盛昊', '15601868586', '2', '上海', '0', null, null, null, '0', null, null, null, null, null, null, '0', null, null);
INSERT INTO `sys_account_copy` VALUES ('1493', '00388082', '00388082', '胡挺', '17396260712', '4', '成都', '0', null, null, null, '0', null, null, null, null, null, null, '0', null, null);
INSERT INTO `sys_account_copy` VALUES ('1494', '00388010', '00388010', '刘清彬', '18602830715', '4', '成都', '0', null, null, null, '0', null, null, null, null, null, null, '0', null, null);
INSERT INTO `sys_account_copy` VALUES ('1495', '00387766', '00387766', '孙超', '15184430135', '3', '成都', '0', null, null, null, '0', null, null, null, null, null, null, '0', null, null);
INSERT INTO `sys_account_copy` VALUES ('1496', '00423908', '00423908', '王宁', '17621745699', '2', '上海', '0', null, null, null, '0', null, null, null, null, null, null, '0', null, null);
INSERT INTO `sys_account_copy` VALUES ('1497', '00387077', '00387077', '黄海', '18980406675', '3', '成都', '0', null, null, null, '0', null, null, null, null, null, null, '0', null, null);
INSERT INTO `sys_account_copy` VALUES ('1498', '00422680', '00422680', '王飞', '13438375385', '2', '上海', '0', null, null, null, '0', null, null, null, null, null, null, '0', null, null);
INSERT INTO `sys_account_copy` VALUES ('1499', '00386694', '00386694', '贺峻', '18602815210', '1', '成都', '0', null, null, null, '0', null, null, null, null, null, null, '0', null, null);
INSERT INTO `sys_account_copy` VALUES ('1500', '00386609', '00386609', '彭万彬', '15198251278', '4', '成都', '0', null, null, null, '0', null, null, null, null, null, null, '0', null, null);
INSERT INTO `sys_account_copy` VALUES ('1501', '00386394', '00386394', '邴立东', '15882242424', '4', '成都', '0', null, null, null, '0', null, null, null, null, null, null, '0', null, null);
INSERT INTO `sys_account_copy` VALUES ('1502', '00384073', '00384073', '徐茂涛', '18980487436', '4', '成都', '0', null, null, null, '0', null, null, null, null, null, null, '0', null, null);
INSERT INTO `sys_account_copy` VALUES ('1503', '00382699', '00382699', '曾年', '18628173679', '4', '成都', '0', null, null, null, '0', null, null, null, null, null, null, '0', null, null);
INSERT INTO `sys_account_copy` VALUES ('1504', '00382679', '00382679', '施钻专', '13764816418', '2', '上海', '0', null, null, null, '0', null, null, null, null, null, null, '0', null, null);
INSERT INTO `sys_account_copy` VALUES ('1505', '00382642', '00382642', '郑文三', '13320983304', '4', '成都', '0', null, null, null, '0', null, null, null, null, null, null, '0', null, null);
INSERT INTO `sys_account_copy` VALUES ('1506', '00382602', '00382602', '武俊青', '18080120576', '4', '成都', '0', null, null, null, '0', null, null, null, null, null, null, '0', null, null);
INSERT INTO `sys_account_copy` VALUES ('1507', '00381259', '00381259', '李堂艳', '15813744343', '3', '成都', '0', null, null, null, '0', null, null, null, null, null, null, '0', null, null);
INSERT INTO `sys_account_copy` VALUES ('1508', '00381151', '00381151', '母海兵', '18981733497', '3', '成都', '0', null, null, null, '0', null, null, null, null, null, null, '0', null, null);
INSERT INTO `sys_account_copy` VALUES ('1509', '00274969', '00274969', '汤志平', '18602157533', '2', '上海', '0', null, null, null, '0', null, null, null, null, null, null, '0', null, null);
INSERT INTO `sys_account_copy` VALUES ('1510', '00349848', '00349848', '顾闻', '18017637828', '2', '上海', '0', null, null, null, '0', null, null, null, null, null, null, '0', null, null);
INSERT INTO `sys_account_copy` VALUES ('1511', '00380580', '00380580', '丁鑫鑫', '18030689291', '4', '成都', '0', null, null, null, '0', null, null, null, null, null, null, '0', null, null);
INSERT INTO `sys_account_copy` VALUES ('1512', '00380198', '00380198', '周越', '18215615708', '4', '成都', '0', null, null, null, '0', null, null, null, null, null, null, '0', null, null);
INSERT INTO `sys_account_copy` VALUES ('1513', '00379982', '00379982', '王豪', '18382205937', '4', '成都', '0', null, null, null, '0', null, null, null, null, null, null, '0', null, null);
INSERT INTO `sys_account_copy` VALUES ('1514', '00379848', '00379848', '吴瑶', '18190883971', '4', '成都', '0', null, null, null, '0', null, null, null, null, null, null, '0', null, null);
INSERT INTO `sys_account_copy` VALUES ('1515', '00379832', '00379832', '夏天立', '17380122091', '4', '成都', '0', null, null, null, '0', null, null, null, null, null, null, '0', null, null);
INSERT INTO `sys_account_copy` VALUES ('1516', '00378904', '00378904', '张青婷', '13540866891', '2', '成都', '0', null, null, null, '0', null, null, null, null, null, null, '0', null, null);
INSERT INTO `sys_account_copy` VALUES ('1517', '00378823', '00378823', '徐加文', '18328510556', '4', '成都', '0', null, null, null, '0', null, null, null, null, null, null, '0', null, null);
INSERT INTO `sys_account_copy` VALUES ('1518', '00377853', '00377853', '李潇', '18081061206', '3', '成都', '0', null, null, null, '0', null, null, null, null, null, null, '0', null, null);
INSERT INTO `sys_account_copy` VALUES ('1519', '00377823', '00377823', '周子博', '15802898552', '4', '成都', '0', null, null, null, '0', null, null, null, null, null, null, '0', null, null);
INSERT INTO `sys_account_copy` VALUES ('1520', '00377819', '00377819', '杨青山', '18215624577', '3', '成都', '0', null, null, null, '0', null, null, null, null, null, null, '0', null, null);
INSERT INTO `sys_account_copy` VALUES ('1521', '00377766', '00377766', '罗骥', '15680888963', '4', '成都', '0', null, null, null, '0', null, null, null, null, null, null, '0', null, null);
INSERT INTO `sys_account_copy` VALUES ('1522', '00376773', '00376773', '舒云', '13666127783', '1', '成都', '0', null, null, null, '0', null, null, null, null, null, null, '0', null, null);
INSERT INTO `sys_account_copy` VALUES ('1523', '00376715', '00376715', '熊竞', '18180767136', '4', '成都', '0', null, null, null, '0', null, null, null, null, null, null, '0', null, null);
INSERT INTO `sys_account_copy` VALUES ('1524', '00347360', '00347360', '张志佼', '15921591245', '2', '上海', '0', null, null, null, '0', null, null, null, null, null, null, '0', null, null);
INSERT INTO `sys_account_copy` VALUES ('1525', '00375725', '00375725', '于江', '18908183045', '3', '成都', '0', null, null, null, '0', null, null, null, null, null, null, '0', null, null);
INSERT INTO `sys_account_copy` VALUES ('1526', '00375471', '00375471', '赵娟', '18140133161', '1', '成都', '0', null, null, null, '0', null, null, null, null, null, null, '0', null, null);
INSERT INTO `sys_account_copy` VALUES ('1527', '00375663', '00375663', '陈轶', '13688061922', '4', '成都', '0', null, null, null, '0', null, null, null, null, null, null, '0', null, null);
INSERT INTO `sys_account_copy` VALUES ('1528', '00375661', '00375661', '刘艺', '13348853283', '4', '成都', '0', null, null, null, '0', null, null, null, null, null, null, '0', null, null);
INSERT INTO `sys_account_copy` VALUES ('1529', '00375542', '00375542', '黎刚', '13880641001', '3', '成都', '0', null, null, null, '0', null, null, null, null, null, null, '0', null, null);
INSERT INTO `sys_account_copy` VALUES ('1530', '00375015', '00375015', '石祥', '15982025600', '1', '成都', '0', null, null, null, '0', null, null, null, null, null, null, '0', null, null);
INSERT INTO `sys_account_copy` VALUES ('1531', '00374985', '00374985', '雷宁凡', '13880039911', '3', '成都', '0', null, null, null, '0', null, null, null, null, null, null, '0', null, null);
INSERT INTO `sys_account_copy` VALUES ('1532', '00372587', '00372587', '古显耀', '15982208526', '1', '成都', '0', null, null, null, '0', null, null, null, null, null, null, '0', null, null);
INSERT INTO `sys_account_copy` VALUES ('1533', '00372540', '00372540', '王黔川', '13558872577', '3', '成都', '0', null, null, null, '0', null, null, null, null, null, null, '0', null, null);
INSERT INTO `sys_account_copy` VALUES ('1534', '00372339', '00372339', '王艳', '15528282728', '4', '成都', '0', null, null, null, '0', null, null, null, null, null, null, '0', null, null);
INSERT INTO `sys_account_copy` VALUES ('1535', '00371862', '00371862', '张中理', '17323198079', '4', '出差', '0', null, null, null, '0', null, null, null, null, null, null, '0', null, null);
INSERT INTO `sys_account_copy` VALUES ('1536', '00418883', '00418883', '王鹏', '18516129167', '2', '上海', '0', null, null, null, '0', null, null, null, null, null, null, '0', null, null);
INSERT INTO `sys_account_copy` VALUES ('1537', '00369354', '00369354', '杨岩磊', '13541364390', '4', '成都', '0', null, null, null, '0', null, null, null, null, null, null, '0', null, null);
INSERT INTO `sys_account_copy` VALUES ('1538', '00367123', '00367123', '赵培', '18054796820', '3', '成都', '0', null, null, null, '0', null, null, null, null, null, null, '0', null, null);
INSERT INTO `sys_account_copy` VALUES ('1539', '00364330', '00364330', '罗维东', '13402804163', '3', '成都', '0', null, null, null, '0', null, null, null, null, null, null, '0', null, null);
INSERT INTO `sys_account_copy` VALUES ('1540', '00364230', '00364230', '朱宁', '18980654327', '3', '成都', '0', null, null, null, '0', null, null, null, null, null, null, '0', null, null);
INSERT INTO `sys_account_copy` VALUES ('1541', '00285082', '00285082', '周妍', '13636315978', '2', '上海', '0', null, null, null, '0', null, null, null, null, null, null, '0', null, null);
INSERT INTO `sys_account_copy` VALUES ('1542', '00364000', '00364000', '郑颖', '13880079779', '1', '成都', '0', null, null, null, '0', null, null, null, null, null, null, '0', null, null);
INSERT INTO `sys_account_copy` VALUES ('1543', '00363940', '00363940', '刘仁崇', '18086813705', '4', '成都', '0', null, null, null, '0', null, null, null, null, null, null, '0', null, null);
INSERT INTO `sys_account_copy` VALUES ('1544', '00267880', '00267880', '徐超', '13817268147', '2', '上海', '0', null, null, null, '0', null, null, null, null, null, null, '0', null, null);
INSERT INTO `sys_account_copy` VALUES ('1545', '00355879', '00355879', '刘博', '18483667934', '3', '成都', '0', null, null, null, '0', null, null, null, null, null, null, '0', null, null);
INSERT INTO `sys_account_copy` VALUES ('1546', '00354542', '00354542', '谭梦然', '13882081945', '4', '成都', '0', null, null, null, '0', null, null, null, null, null, null, '0', null, null);
INSERT INTO `sys_account_copy` VALUES ('1547', '00353572', '00353572', '申甦祺', '15008210903', '4', '成都', '0', null, null, null, '0', null, null, null, null, null, null, '0', null, null);
INSERT INTO `sys_account_copy` VALUES ('1548', '00351868', '00351868', '巫素', '15608087661', '4', '成都', '0', null, null, null, '0', null, null, null, null, null, null, '0', null, null);
INSERT INTO `sys_account_copy` VALUES ('1549', '00351272', '00351272', '唐溧', '18688728072', '4', '成都', '0', null, null, null, '0', null, null, null, null, null, null, '0', null, null);
INSERT INTO `sys_account_copy` VALUES ('1550', '00340773', '00340773', '朱伟', '18621180761', '2', '上海', '0', null, null, null, '0', null, null, null, null, null, null, '0', null, null);
INSERT INTO `sys_account_copy` VALUES ('1551', '00380980', '00380980', '何明均', '13730624642', '4', '成都', '0', null, null, null, '0', null, null, null, null, null, null, '0', null, null);
INSERT INTO `sys_account_copy` VALUES ('1552', '00335454', '00335454', '张勇', '18616935031', '2', '上海', '0', null, null, null, '0', null, null, null, null, null, null, '0', null, null);
INSERT INTO `sys_account_copy` VALUES ('1553', '00342877', '00342877', '杨照宇', '18030587518', '1', '成都', '0', null, null, null, '0', null, null, null, null, null, null, '0', null, null);
INSERT INTO `sys_account_copy` VALUES ('1554', '00286667', '00286667', '洪劲松', '13689048783', '2', '成都', '0', null, null, null, '0', null, null, null, null, null, null, '0', null, null);
INSERT INTO `sys_account_copy` VALUES ('1555', '00341460', '00341460', '杨俊卿', '15982126610', '3', '成都', '0', null, null, null, '0', null, null, null, null, null, null, '0', null, null);
INSERT INTO `sys_account_copy` VALUES ('1556', '00341459', '00341459', '马利民', '18011373721', '1', '成都', '0', null, null, null, '0', null, null, null, null, null, null, '0', null, null);
INSERT INTO `sys_account_copy` VALUES ('1557', '00391840', '00391840', '付维翔', '13688110019', '4', '成都', '0', null, null, null, '0', null, null, null, null, null, null, '0', null, null);
INSERT INTO `sys_account_copy` VALUES ('1558', '00337453', '00337453', '李胜兰', '13880959794', '4', '成都', '0', null, null, null, '0', null, null, null, null, null, null, '0', null, null);
INSERT INTO `sys_account_copy` VALUES ('1559', '00337278', '00337278', '牛晓莉', '15102829340', '2', '成都', '0', null, null, null, '0', null, null, null, null, null, null, '0', null, null);
INSERT INTO `sys_account_copy` VALUES ('1560', '00337245', '00337245', '张贤均', '13398177511', '1', '成都', '0', null, null, null, '0', null, null, null, null, null, null, '0', null, null);
INSERT INTO `sys_account_copy` VALUES ('1561', '00274507', '00274507', '俞新民', '15928849772', '4', '成都', '0', null, null, null, '0', null, null, null, null, null, null, '0', null, null);
INSERT INTO `sys_account_copy` VALUES ('1562', '00334003', '00334003', '何志访', '18780290874', '1', '成都', '0', null, null, null, '0', null, null, null, null, null, null, '0', null, null);
INSERT INTO `sys_account_copy` VALUES ('1563', '00333571', '00333571', '罗瑶', '13880728014', '1', '成都', '0', null, null, null, '0', null, null, null, null, null, null, '0', null, null);
INSERT INTO `sys_account_copy` VALUES ('1564', '00334260', '00334260', '袁权', '18608026906', '2', '成都', '0', null, null, null, '0', null, null, null, null, null, null, '0', null, null);
INSERT INTO `sys_account_copy` VALUES ('1565', '00424273', '00424273', '李力行', '15608171516', '2', '成都', '0', null, null, null, '0', null, null, null, null, null, null, '0', null, null);
INSERT INTO `sys_account_copy` VALUES ('1566', '00380910', '00380910', '游燕珍', '18982166784', '2', '成都', '0', null, null, null, '0', null, null, null, null, null, null, '0', null, null);
INSERT INTO `sys_account_copy` VALUES ('1567', '00274976', '00274976', '张军', '15828534174', '4', '成都', '0', null, null, null, '0', null, null, null, null, null, null, '0', null, null);
INSERT INTO `sys_account_copy` VALUES ('1568', '00316971', '00316971', '叶波', '18180573308', '2', '成都', '0', null, null, null, '0', null, null, null, null, null, null, '0', null, null);
INSERT INTO `sys_account_copy` VALUES ('1569', '00210943', '00210943', '高翔', '18190949221', '2', '出差', '0', null, null, null, '0', null, null, null, null, null, null, '0', null, null);
INSERT INTO `sys_account_copy` VALUES ('1570', '00302805', '00302805', '王宏舟', '18582580309', '4', '成都', '0', null, null, null, '0', null, null, null, null, null, null, '0', null, null);
INSERT INTO `sys_account_copy` VALUES ('1571', '00302719', '00302719', '刘佳奇', '18080919377', '4', '成都', '0', null, null, null, '0', null, null, null, null, null, null, '0', null, null);
INSERT INTO `sys_account_copy` VALUES ('1572', '00302545', '00302545', '李斌', '18684015915', '1', '成都', '0', null, null, null, '0', null, null, null, null, null, null, '0', null, null);
INSERT INTO `sys_account_copy` VALUES ('1573', '00302667', '00302667', '陈桂林', '13699470403', '3', '成都', '0', null, null, null, '0', null, null, null, null, null, null, '0', null, null);
INSERT INTO `sys_account_copy` VALUES ('1574', '00299437', '00299437', '王小亮', '18728461858', '3', '成都', '0', null, null, null, '0', null, null, null, null, null, null, '0', null, null);
INSERT INTO `sys_account_copy` VALUES ('1575', '00440610', '00440610', '张伟', '13880027246', '2', '成都', '0', null, null, null, '0', null, null, null, null, null, null, '0', null, null);
INSERT INTO `sys_account_copy` VALUES ('1576', '00289424', '00289424', '杨超', '13980032104', '4', '成都', '0', null, null, null, '0', null, null, null, null, null, null, '0', null, null);
INSERT INTO `sys_account_copy` VALUES ('1577', '00303310', '00303310', '席辉', '15982128958', '2', '成都', '4', null, null, null, '0', null, null, null, null, null, null, '0', null, null);
INSERT INTO `sys_account_copy` VALUES ('1578', '00287359', '00287359', '姚婷', '13551133760', '4', '成都', '0', null, null, null, '0', null, null, null, null, null, null, '0', null, null);
INSERT INTO `sys_account_copy` VALUES ('1579', '00286218', '00286218', '陈斌', '18908184978', '2', '成都', '0', null, null, null, '0', null, null, null, null, null, null, '0', null, null);
INSERT INTO `sys_account_copy` VALUES ('1580', '00286150', '00286150', '赵吉英', '13880523811', '4', '成都', '0', null, null, null, '0', null, null, null, null, null, null, '0', null, null);
INSERT INTO `sys_account_copy` VALUES ('1581', '00286059', '00286059', '姜伟', '18030596773', '3', '成都', '0', null, null, null, '0', null, null, null, null, null, null, '0', null, null);
INSERT INTO `sys_account_copy` VALUES ('1582', '00286012', '00286012', '刘雁林', '18048597026', '3', '成都', '0', null, null, null, '0', null, null, null, null, null, null, '0', null, null);
INSERT INTO `sys_account_copy` VALUES ('1583', '00285226', '00285226', '黄宇明', '18402886425', '3', '成都', '0', null, null, null, '0', null, null, null, null, null, null, '0', null, null);
INSERT INTO `sys_account_copy` VALUES ('1584', '00342889', '00342889', '刘金华', '13980620361', '4', '成都', '0', null, null, null, '0', null, null, null, null, null, null, '0', null, null);
INSERT INTO `sys_account_copy` VALUES ('1585', '00287485', '00287485', '熊彬', '18980641649', '4', '成都', '0', null, null, null, '0', null, null, null, null, null, null, '0', null, null);
INSERT INTO `sys_account_copy` VALUES ('1586', '00282870', '00282870', '张明', '13661999904', '4', '成都', '0', null, null, null, '0', null, null, null, null, null, null, '0', null, null);
INSERT INTO `sys_account_copy` VALUES ('1587', '00282186', '00282186', '翟孝军', '15108461467', '4', '成都', '0', null, null, null, '0', null, null, null, null, null, null, '0', null, null);
INSERT INTO `sys_account_copy` VALUES ('1588', '00179092', '00179092', '曾礼君', '17608040228', '4', '成都', '0', null, null, null, '0', null, null, null, null, null, null, '0', null, null);
INSERT INTO `sys_account_copy` VALUES ('1589', '00376277', '00376277', '罗鹏', '18081988295', '4', '成都', '0', null, null, null, '0', null, null, null, null, null, null, '0', null, null);
INSERT INTO `sys_account_copy` VALUES ('1590', '00341461', '00341461', '任邛涛', '13693493907', '4', '成都', '0', null, null, null, '0', null, null, null, null, null, null, '0', null, null);
INSERT INTO `sys_account_copy` VALUES ('1591', '00274441', '00274441', '高新志', '18908216649', '4', '成都', '0', null, null, null, '0', null, null, null, null, null, null, '0', null, null);
INSERT INTO `sys_account_copy` VALUES ('1592', '00372119', '00372119', '张旻', '18160012975', '1', '成都', '0', null, null, null, '0', null, null, null, null, null, null, '0', null, null);
INSERT INTO `sys_account_copy` VALUES ('1593', '00371855', '00371855', '邓桦', '13980460956', '1', '成都', '0', null, null, null, '0', null, null, null, null, null, null, '0', null, null);
INSERT INTO `sys_account_copy` VALUES ('1594', '00266603', '00266603', '钟昭', '18628003866', '1', '成都', '0', null, null, null, '0', null, null, null, null, null, null, '0', null, null);
INSERT INTO `sys_account_copy` VALUES ('1595', '00265234', '00265234', '黄磊', '720488923', '4', '成都', '0', null, null, null, '0', null, null, null, null, null, null, '0', null, null);
INSERT INTO `sys_account_copy` VALUES ('1596', '00254908', '00254908', '陈伦', '13980969380', '3', '成都', '0', null, null, null, '0', null, null, null, null, null, null, '0', null, null);
INSERT INTO `sys_account_copy` VALUES ('1597', '00167377', '00167377', '易秦', '17380121109', '4', '成都', '0', null, null, null, '0', null, null, null, null, null, null, '0', null, null);
INSERT INTO `sys_account_copy` VALUES ('1598', '00250116', '00250116', '李丹凤', '18980637535', '3', '成都', '0', null, null, null, '0', null, null, null, null, null, null, '0', null, null);
INSERT INTO `sys_account_copy` VALUES ('1599', '00248539', '00248539', '宁望涛', '13547932137', '3', '成都', '0', null, null, null, '0', null, null, null, null, null, null, '0', null, null);
INSERT INTO `sys_account_copy` VALUES ('1600', '00245754', '00245754', '吴禹', '15828061180', '3', '成都', '0', null, null, null, '0', null, null, null, null, null, null, '0', null, null);
INSERT INTO `sys_account_copy` VALUES ('1601', '00244792', '00244792', '蔡寿祥', '13348893255', '4', '成都', '0', null, null, null, '0', null, null, null, null, null, null, '0', null, null);
INSERT INTO `sys_account_copy` VALUES ('1602', '00239616', '00239616', '张鹏', '18081049010', '1', '成都', '0', null, null, null, '0', null, null, null, null, null, null, '0', null, null);
INSERT INTO `sys_account_copy` VALUES ('1603', '00227637', '00227637', '李叶明', '13541372368', '4', '成都', '0', null, null, null, '0', null, null, null, null, null, null, '0', null, null);
INSERT INTO `sys_account_copy` VALUES ('1604', '00227602', '00227602', '廖义娟', '18349291526', '3', '成都', '0', null, null, null, '0', null, null, null, null, null, null, '0', null, null);
INSERT INTO `sys_account_copy` VALUES ('1605', '00225765', '00225765', '张若时', '18010528893', '4', '成都', '0', null, null, null, '0', null, null, null, null, null, null, '0', null, null);
INSERT INTO `sys_account_copy` VALUES ('1606', '00225761', '00225761', '邓茜', '13308174277', '3', '成都', '0', null, null, null, '0', null, null, null, null, null, null, '0', null, null);
INSERT INTO `sys_account_copy` VALUES ('1607', '00225686', '00225686', '郭杰', '18780052077', '4', '成都', '0', null, null, null, '0', null, null, null, null, null, null, '0', null, null);
INSERT INTO `sys_account_copy` VALUES ('1608', '00225660', '00225660', '刘显强', '13550316688', '4', '成都', '0', null, null, null, '0', null, null, null, null, null, null, '0', null, null);
INSERT INTO `sys_account_copy` VALUES ('1609', '00223401', '00223401', '吕涛', '13880049368', '3', '成都', '0', null, null, null, '0', null, null, null, null, null, null, '0', null, null);
INSERT INTO `sys_account_copy` VALUES ('1610', '00223381', '00223381', '王磊', '17780730062', '3', '成都', '0', null, null, null, '0', null, null, null, null, null, null, '0', null, null);
INSERT INTO `sys_account_copy` VALUES ('1611', '00221443', '00221443', '邹洪伟', '15829362653', '3', '成都', '0', null, null, null, '0', null, null, null, null, null, null, '0', null, null);
INSERT INTO `sys_account_copy` VALUES ('1612', '00221064', '00221064', '赖寒冰', '18628267020', '4', '成都', '0', null, null, null, '0', null, null, null, null, null, null, '0', null, null);
INSERT INTO `sys_account_copy` VALUES ('1613', '00221060', '00221060', '阮志锋', '13648004017', '4', '成都', '0', null, null, null, '0', null, null, null, null, null, null, '0', null, null);
INSERT INTO `sys_account_copy` VALUES ('1614', '00220057', '00220057', '李建锋', '17358519862', '3', '成都', '0', null, null, null, '0', null, null, null, null, null, null, '0', null, null);
INSERT INTO `sys_account_copy` VALUES ('1615', '00219501', '00219501', '刘佳', '8034756995', '3', '成都', '0', null, null, null, '0', null, null, null, null, null, null, '0', null, null);
INSERT INTO `sys_account_copy` VALUES ('1616', '00418982', '00418982', '孙强', '18980079176', '1', '成都', '0', null, null, null, '0', null, null, null, null, null, null, '0', null, null);
INSERT INTO `sys_account_copy` VALUES ('1617', '00215515', '00215515', '王泉', '13902472347', '1', '成都', '0', null, null, null, '0', null, null, null, null, null, null, '0', null, null);
INSERT INTO `sys_account_copy` VALUES ('1618', '00211383', '00211383', '聂采毅', '17796487545', '3', '成都', '0', null, null, null, '0', null, null, null, null, null, null, '0', null, null);
INSERT INTO `sys_account_copy` VALUES ('1619', '00268313', '00268313', '唐瑜键', '17780617387', '2', '成都', '0', null, null, null, '0', null, null, null, null, null, null, '0', null, null);
INSERT INTO `sys_account_copy` VALUES ('1620', '00210172', '00210172', '赵述军', '18328337210', '4', '成都', '0', null, null, null, '0', null, null, null, null, null, null, '0', null, null);
INSERT INTO `sys_account_copy` VALUES ('1621', '00209602', '00209602', '宁小科', '18190878533', '4', '成都', '0', null, null, null, '0', null, null, null, null, null, null, '0', null, null);
INSERT INTO `sys_account_copy` VALUES ('1622', '00209302', '00209302', '闫涛', '18983355994', '3', '成都', '0', null, null, null, '0', null, null, null, null, null, null, '0', null, null);
INSERT INTO `sys_account_copy` VALUES ('1623', '00208943', '00208943', '田悦', '13981802607', '3', '成都', '0', null, null, null, '0', null, null, null, null, null, null, '0', null, null);
INSERT INTO `sys_account_copy` VALUES ('1624', '00208413', '00208413', '罗斌', '18980974917', '4', '成都', '0', null, null, null, '0', null, null, null, null, null, null, '0', null, null);
INSERT INTO `sys_account_copy` VALUES ('1625', '00207629', '00207629', '何加波', '18682554433', '3', '成都', '0', null, null, null, '0', null, null, null, null, null, null, '0', null, null);
INSERT INTO `sys_account_copy` VALUES ('1626', '00207444', '00207444', '孟凡右', '18180516769', '3', '成都', '0', null, null, null, '0', null, null, null, null, null, null, '0', null, null);
INSERT INTO `sys_account_copy` VALUES ('1627', '00387720', '00387720', '谢梦', '13518109514', '2', '成都', '0', null, null, null, '0', null, null, null, null, null, null, '0', null, null);
INSERT INTO `sys_account_copy` VALUES ('1628', '00204423', '00204423', '郑凤媛', '18980709194', '3', '成都', '0', null, null, null, '0', null, null, null, null, null, null, '0', null, null);
INSERT INTO `sys_account_copy` VALUES ('1629', '00204038', '00204038', '杨权', '13438050117', '3', '成都', '0', null, null, null, '0', null, null, null, null, null, null, '0', null, null);
INSERT INTO `sys_account_copy` VALUES ('1630', '00204000', '00204000', '朱志朋', '15208383930', '4', '成都', '0', null, null, null, '0', null, null, null, null, null, null, '0', null, null);
INSERT INTO `sys_account_copy` VALUES ('1631', '00202837', '00202837', '罗启林', '13618044211', '4', '成都', '0', null, null, null, '0', null, null, null, null, null, null, '0', null, null);
INSERT INTO `sys_account_copy` VALUES ('1632', '00202691', '00202691', '王元明', '18080491826', '4', '成都', '0', null, null, null, '0', null, null, null, null, null, null, '0', null, null);
INSERT INTO `sys_account_copy` VALUES ('1633', '00201754', '00201754', '邓明', '13028164836', '4', '成都', '0', null, null, null, '0', null, null, null, null, null, null, '0', null, null);
INSERT INTO `sys_account_copy` VALUES ('1634', '00201327', '00201327', '张林', '13540781538', '2', '成都', '0', null, null, null, '0', null, null, null, null, null, null, '0', null, null);
INSERT INTO `sys_account_copy` VALUES ('1635', '00201243', '00201243', '周勇志', '18702854977', '4', '成都', '0', null, null, null, '0', null, null, null, null, null, null, '0', null, null);
INSERT INTO `sys_account_copy` VALUES ('1636', '00201138', '00201138', '滕志超', '13730802680', '4', '成都', '0', null, null, null, '0', null, null, null, null, null, null, '0', null, null);
INSERT INTO `sys_account_copy` VALUES ('1637', '00200901', '00200901', '姜鹏程', '18190785882', '3', '出差', '0', null, null, null, '0', null, null, null, null, null, null, '0', null, null);
INSERT INTO `sys_account_copy` VALUES ('1638', '00200245', '00200245', '刘人齐', '18628317767', '3', '成都', '0', null, null, null, '0', null, null, null, null, null, null, '0', null, null);
INSERT INTO `sys_account_copy` VALUES ('1639', '00198572', '00198572', '王强', '18980906042', '4', '成都', '0', null, null, null, '0', null, null, null, null, null, null, '0', null, null);
INSERT INTO `sys_account_copy` VALUES ('1640', '00198552', '00198552', '任祥贵', '18084811292', '4', '成都', '0', null, null, null, '0', null, null, null, null, null, null, '0', null, null);
INSERT INTO `sys_account_copy` VALUES ('1641', '00196240', '00196240', '金勇均', '18780016037', '4', '成都', '0', null, null, null, '0', null, null, null, null, null, null, '0', null, null);
INSERT INTO `sys_account_copy` VALUES ('1642', '00195439', '00195439', '李安安', '13688058275', '3', '成都', '0', null, null, null, '0', null, null, null, null, null, null, '0', null, null);
INSERT INTO `sys_account_copy` VALUES ('1643', '00195352', '00195352', '袁号', '18628358212', '3', '成都', '0', null, null, null, '0', null, null, null, null, null, null, '0', null, null);
INSERT INTO `sys_account_copy` VALUES ('1644', '00195149', '00195149', '晋峥', '13882298800', '3', '成都', '0', null, null, null, '0', null, null, null, null, null, null, '0', null, null);
INSERT INTO `sys_account_copy` VALUES ('1645', '00191919', '00191919', '祝仰伟', '15802829983', '4', '成都', '0', null, null, null, '0', null, null, null, null, null, null, '0', null, null);
INSERT INTO `sys_account_copy` VALUES ('1646', '00191545', '00191545', '张梅', '17340170211', '3', '成都', '0', null, null, null, '0', null, null, null, null, null, null, '0', null, null);
INSERT INTO `sys_account_copy` VALUES ('1647', '00190883', '00190883', '何其钰', '17708103592', '3', '成都', '0', null, null, null, '0', null, null, null, null, null, null, '0', null, null);
INSERT INTO `sys_account_copy` VALUES ('1648', '00190521', '00190521', '乔梁', '18000523152', '3', '成都', '0', null, null, null, '0', null, null, null, null, null, null, '0', null, null);
INSERT INTO `sys_account_copy` VALUES ('1649', '00190370', '00190370', '胡家豪', '18008046803', '3', '成都', '0', null, null, null, '0', null, null, null, null, null, null, '0', null, null);
INSERT INTO `sys_account_copy` VALUES ('1650', '00189183', '00189183', '邝秀玉', '15884445638', '3', '成都', '0', null, null, null, '0', null, null, null, null, null, null, '0', null, null);
INSERT INTO `sys_account_copy` VALUES ('1651', '00188890', '00188890', '董振奇', '13730668086', '4', '成都', '0', null, null, null, '0', null, null, null, null, null, null, '0', null, null);
INSERT INTO `sys_account_copy` VALUES ('1652', '00330987', '00330987', '杨洪涛', '18080949080', '2', '成都', '0', null, null, null, '0', null, null, null, null, null, null, '0', null, null);
INSERT INTO `sys_account_copy` VALUES ('1653', '00178112', '00178112', '程勇', '18681224169', '3', '成都', '0', null, null, null, '0', null, null, null, null, null, null, '0', null, null);
INSERT INTO `sys_account_copy` VALUES ('1654', '00176309', '00176309', '邓先武', '13708088293', '4', '成都', '0', null, null, null, '0', null, null, null, null, null, null, '0', null, null);
INSERT INTO `sys_account_copy` VALUES ('1655', '00171446', '00171446', '卢建', '15882110184', '3', '成都', '0', null, null, null, '0', null, null, null, null, null, null, '0', null, null);
INSERT INTO `sys_account_copy` VALUES ('1656', '00170052', '00170052', '陈丽容', '17381800413', '3', '成都', '0', null, null, null, '0', null, null, null, null, null, null, '0', null, null);
INSERT INTO `sys_account_copy` VALUES ('1657', '00170050', '00170050', '李毓蕙', '18981964327', '4', '成都', '0', null, null, null, '0', null, null, null, null, null, null, '0', null, null);
INSERT INTO `sys_account_copy` VALUES ('1658', '00170008', '00170008', '蒲星宇', '13551066339', '3', '成都', '0', null, null, null, '0', null, null, null, null, null, null, '0', null, null);
INSERT INTO `sys_account_copy` VALUES ('1659', '00169666', '00169666', '龚长松', '13880611531', '2', '成都', '0', null, null, null, '0', null, null, null, null, null, null, '0', null, null);
INSERT INTO `sys_account_copy` VALUES ('1660', '00169553', '00169553', '李广俊', '13408557122', '4', '成都', '0', null, null, null, '0', null, null, null, null, null, null, '0', null, null);
INSERT INTO `sys_account_copy` VALUES ('1661', '00169046', '00169046', '邵明义', '15882476021', '4', '成都', '0', null, null, null, '0', null, null, null, null, null, null, '0', null, null);
INSERT INTO `sys_account_copy` VALUES ('1662', '00168760', '00168760', '陈炜', '18981945870', '4', '成都', '0', null, null, null, '0', null, null, null, null, null, null, '0', null, null);
INSERT INTO `sys_account_copy` VALUES ('1663', '00168601', '00168601', '何承玺', '13908091329', '4', '成都', '0', null, null, null, '0', null, null, null, null, null, null, '0', null, null);
INSERT INTO `sys_account_copy` VALUES ('1664', '00168538', '00168538', '陈辞', '18108045781', '2', '成都', '0', null, null, null, '0', null, null, null, null, null, null, '0', null, null);
INSERT INTO `sys_account_copy` VALUES ('1665', '00168381', '00168381', '刘鉴旭', '13518135499', '3', '成都', '0', null, null, null, '0', null, null, null, null, null, null, '0', null, null);
INSERT INTO `sys_account_copy` VALUES ('1666', '00168357', '00168357', '汪志刚', '18583260373', '3', '成都', '0', null, null, null, '0', null, null, null, null, null, null, '0', null, null);
INSERT INTO `sys_account_copy` VALUES ('1667', '00334955', '00334955', '田路', '18190836521', '3', '成都', '0', null, null, null, '0', null, null, null, null, null, null, '0', null, null);
INSERT INTO `sys_account_copy` VALUES ('1668', '00364739', '00364739', '陈晓', '17828060388', '1', '成都', '0', null, null, null, '0', null, null, null, null, null, null, '0', null, null);
INSERT INTO `sys_account_copy` VALUES ('1669', '00168081', '00168081', '邹畅', '18981860855', '4', '成都', '0', null, null, null, '0', null, null, null, null, null, null, '0', null, null);
INSERT INTO `sys_account_copy` VALUES ('1670', '00167629', '00167629', '叶茂', '13980970220', '3', '成都', '0', null, null, null, '0', null, null, null, null, null, null, '0', null, null);
INSERT INTO `sys_account_copy` VALUES ('1671', '00250186', '00250186', '张霄龙', '18502805195', '2', '成都', '0', null, null, null, '0', null, null, null, null, null, null, '0', null, null);
INSERT INTO `sys_account_copy` VALUES ('1672', '00205225', '00205225', '石庆彬', '18615748765', '2', '成都', '0', null, null, null, '0', null, null, null, null, null, null, '0', null, null);
INSERT INTO `sys_account_copy` VALUES ('1673', '00337387', '00337387', '罗璟真', '7584475171', '4', '出差', '0', null, null, null, '0', null, null, null, null, null, null, '0', null, null);
INSERT INTO `sys_account_copy` VALUES ('1674', '00436520', '00436520', '张梅胜蓝', '18080951139', '4', '成都', '0', null, null, null, '0', null, null, null, null, null, null, '0', null, null);
INSERT INTO `sys_account_copy` VALUES ('1675', '00300535', '00300535', '钟林栖', '13618036263', '1', '成都', '0', null, null, null, '0', null, null, null, null, null, null, '0', null, null);
INSERT INTO `sys_account_copy` VALUES ('1676', '00439580', '00439580', '王昕', '18680380931', '3', '成都', '0', null, null, null, '0', null, null, null, null, null, null, '0', null, null);
INSERT INTO `sys_account_copy` VALUES ('1677', '00439473', '00439473', '叶建荣', '17360022048', '3', '成都', '0', null, null, null, '0', null, null, null, null, null, null, '0', null, null);
INSERT INTO `sys_account_copy` VALUES ('1678', '00439372', '00439372', '付学智', '13688407305', '4', '成都', '0', null, null, null, '0', null, null, null, null, null, null, '0', null, null);
INSERT INTO `sys_account_copy` VALUES ('1679', '00439973', '00439973', '杜鑫', '17745027991', '2', '成都', '0', null, null, null, '0', null, null, null, null, null, null, '0', null, null);
INSERT INTO `sys_account_copy` VALUES ('1680', '00230876', '00230876', '周光波', '13568878071', '4', '成都', '0', null, null, null, '0', null, null, null, null, null, null, '0', null, null);
INSERT INTO `sys_account_copy` VALUES ('1681', '00375446', '00375446', '王英', '18628205647', '1', '成都', '0', null, null, null, '0', null, null, null, null, null, null, '0', null, null);
INSERT INTO `sys_account_copy` VALUES ('1682', '00265857', '00265857', '龙河冰', '13438890753', '1', '成都', '0', null, null, null, '0', null, null, null, null, null, null, '0', null, null);
INSERT INTO `sys_account_copy` VALUES ('1683', '00415194', '00415194', '胡霞 ', '18980698539', '1', '成都', '0', null, null, null, '0', null, null, null, null, null, null, '0', null, null);
INSERT INTO `sys_account_copy` VALUES ('1684', '00369175', '00369175', '程宇', '13880612649', '1', '成都', '0', null, null, null, '0', null, null, null, null, null, null, '0', null, null);
INSERT INTO `sys_account_copy` VALUES ('1685', '00335099', '00335099', '彭灵芝', '18328349233', '1', '成都', '0', null, null, null, '0', null, null, null, null, null, null, '0', null, null);
INSERT INTO `sys_account_copy` VALUES ('1686', '00364289', '00364289', '莫小林', '18116562468', '1', '成都', '0', null, null, null, '0', null, null, null, null, null, null, '0', null, null);
INSERT INTO `sys_account_copy` VALUES ('1687', '00288078', '00288078', '王艳丽', '13683497508', '1', '成都', '0', null, null, null, '0', null, null, null, null, null, null, '0', null, null);
INSERT INTO `sys_account_copy` VALUES ('1688', '00375328', '00375328', '卓熹', '18628168215', '1', '成都', '0', null, null, null, '0', null, null, null, null, null, null, '0', null, null);
INSERT INTO `sys_account_copy` VALUES ('1689', '00375760', '00375760', '钟荣敏', '18982056064', '1', '成都', '0', null, null, null, '0', null, null, null, null, null, null, '0', null, null);
INSERT INTO `sys_account_copy` VALUES ('1690', 'WX531815', 'WX531815', '刘晓', '15928754238', '1', '成都', '4', null, null, null, '0', null, null, null, null, null, null, '0', null, null);
INSERT INTO `sys_account_copy` VALUES ('1691', 'zwx317834', 'zwx317834', '周昕', '15982095345', '1', '成都', '4', null, null, null, '0', null, null, null, null, null, null, '0', null, null);
INSERT INTO `sys_account_copy` VALUES ('1692', 'rwx332254', 'rwx332254', '任秀丽', '13618081980', '1', '成都', '4', null, null, null, '0', null, null, null, null, null, null, '0', null, null);
INSERT INTO `sys_account_copy` VALUES ('1693', 'hwx337064', 'hwx337064', '黄蓉', '18511835269', '1', '成都', '4', null, null, null, '0', null, null, null, null, null, null, '0', null, null);

-- ----------------------------
-- Table structure for sys_account_role
-- ----------------------------
DROP TABLE IF EXISTS `sys_account_role`;
CREATE TABLE `sys_account_role` (
  `id` int(11) NOT NULL AUTO_INCREMENT,
  `accountId` int(11) DEFAULT NULL,
  `roleId` int(11) DEFAULT NULL,
  PRIMARY KEY (`id`)
) ENGINE=InnoDB AUTO_INCREMENT=2 DEFAULT CHARSET=utf8 COLLATE=utf8_bin COMMENT=' 账户角色关系表';

-- ----------------------------
-- Records of sys_account_role
-- ----------------------------
INSERT INTO `sys_account_role` VALUES ('1', '1', '1');

-- ----------------------------
-- Table structure for sys_fu
-- ----------------------------
DROP TABLE IF EXISTS `sys_fu`;
CREATE TABLE `sys_fu` (
  `id` int(11) NOT NULL AUTO_INCREMENT,
  `name` varchar(50) COLLATE utf8_bin NOT NULL DEFAULT '0' COMMENT '名称',
  `totalCount` int(11) NOT NULL DEFAULT '0' COMMENT '总量',
  `remainCount` int(11) NOT NULL DEFAULT '0' COMMENT '余量',
  `weight` int(11) NOT NULL DEFAULT '0' COMMENT '权重，即概率',
  PRIMARY KEY (`id`)
) ENGINE=InnoDB AUTO_INCREMENT=5 DEFAULT CHARSET=utf8 COLLATE=utf8_bin COMMENT=' 账户角色关系表';

-- ----------------------------
-- Records of sys_fu
-- ----------------------------
INSERT INTO `sys_fu` VALUES ('1', '燃', '10', '10', '5');
INSERT INTO `sys_fu` VALUES ('2', '情', '33', '33', '25');
INSERT INTO `sys_fu` VALUES ('3', '小', '33', '33', '25');
INSERT INTO `sys_fu` VALUES ('4', '站', '33', '33', '25');

-- ----------------------------
-- Table structure for sys_role
-- ----------------------------
DROP TABLE IF EXISTS `sys_role`;
CREATE TABLE `sys_role` (
  `id` int(11) NOT NULL AUTO_INCREMENT,
  `name` varchar(50) COLLATE utf8_bin NOT NULL,
  PRIMARY KEY (`id`)
) ENGINE=InnoDB AUTO_INCREMENT=3 DEFAULT CHARSET=utf8 COLLATE=utf8_bin COMMENT='角色表';

-- ----------------------------
-- Records of sys_role
-- ----------------------------
INSERT INTO `sys_role` VALUES ('1', 'ADMIN');
INSERT INTO `sys_role` VALUES ('2', 'CUSTOMER');

-- ----------------------------
-- Table structure for winning_record
-- ----------------------------
DROP TABLE IF EXISTS `winning_record`;
CREATE TABLE `winning_record` (
  `id` int(11) NOT NULL AUTO_INCREMENT,
  `accountId` int(11) NOT NULL COMMENT '获奖账户',
  `prizeCode` int(11) NOT NULL COMMENT '奖品',
  `received` tinyint(3) unsigned NOT NULL COMMENT '是否领取(0:未领取;1:领取)',
  `time` datetime NOT NULL COMMENT '领取时间',
  `confirm` tinyint(3) NOT NULL DEFAULT '0' COMMENT '领奖标识（1为已领取，0为未领取）',
  PRIMARY KEY (`id`)
) ENGINE=InnoDB AUTO_INCREMENT=117 DEFAULT CHARSET=utf8 COLLATE=utf8_bin COMMENT='中奖记录';

-- ----------------------------
-- Records of winning_record
-- ----------------------------
